name,category,subcategory,country,url,enabled
01net.com,French Tech,General,FR,https://www.01net.com/actualites/feed/,TRUE
Access,Microsoft,Productivity,EN,https://techcommunity.microsoft.com/t5/s/gxcuf89792/rss/board?board.id=AccessBlog,TRUE
Ads API,"PaaS, TechCommunity",Advertising,EN,https://techcommunity.microsoft.com/t5/s/gxcuf89792/rss/board?board.id=AdsAPIBlog,TRUE
Agent 365 Blog,microsoft365,AI,EN,https://techcommunity.microsoft.com/t5/s/gxcuf89792/rss/board?board.id=agent-365-blog,TRUE
Analytics on Azure,TechCommunity,Analytics,EN,https://techcommunity.microsoft.com/t5/s/gxcuf89792/rss/board?board.id=AnalyticsonAzure,TRUE
Ananse Tech Community Blog,ananse-tech-community,Community,EN,https://techcommunity.microsoft.com/t5/s/gxcuf89792/rss/board?board.id=eb54bdec-fd0b-4a5b-baa4-c4329f0f3a21,TRUE
ANZ Updates,AustraliaNewZealand-Partners,Partners,EN,https://techcommunity.microsoft.com/t5/s/gxcuf89792/rss/board?board.id=ANZUpdates,TRUE
Apps on Azure,"PaaS, TechCommunity",App Development,EN,https://techcommunity.microsoft.com/t5/s/gxcuf89792/rss/board?board.id=AppsonAzureBlog,TRUE
arstechnica.com,General,General,EN,https://feeds.arstechnica.com/arstechnica/technology-lab,TRUE
Ask Directory Services,Others,Identity,EN,https://techcommunity.microsoft.com/t5/s/gxcuf89792/rss/board?board.id=AskDS,TRUE
Ask The Performance Team,Windows-Server,Performance,EN,https://techcommunity.microsoft.com/t5/s/gxcuf89792/rss/board?board.id=AskPerf,TRUE
Azure Arc,"Arc, TechCommunity",Hybrid Cloud,EN,https://techcommunity.microsoft.com/t5/s/gxcuf89792/rss/board?board.id=AzureArcBlog,TRUE
Azure Architecture,Architecture,Architecture,EN,https://techcommunity.microsoft.com/t5/s/gxcuf89792/rss/board?board.id=AzureArchitectureBlog,TRUE
Azure Communication Services,PaaS,Communication,EN,https://techcommunity.microsoft.com/t5/s/gxcuf89792/rss/board?board.id=AzureCommunicationServicesBlog,TRUE
Azure Compute,Cloud Infrastructure,Compute,EN,https://techcommunity.microsoft.com/t5/s/gxcuf89792/rss/board?board.id=AzureCompute,TRUE
Azure Confidential Computing,PaaS,Security,EN,https://techcommunity.microsoft.com/t5/s/gxcuf89792/rss/board?board.id=AzureConfidentialComputingBlog,TRUE
Azure Customer Innovation Blog,Azure,Case Studies,EN,https://techcommunity.microsoft.com/t5/s/gxcuf89792/rss/board?board.id=azure-customer-innovation-blog,TRUE
Azure Data,Data,Data,EN,https://techcommunity.microsoft.com/t5/s/gxcuf89792/rss/board?board.id=AzureDataBlog,TRUE
Azure Data Explorer,Data,Analytics,EN,https://techcommunity.microsoft.com/t5/s/gxcuf89792/rss/board?board.id=AzureDataExplorer,TRUE
Azure Data Factory,Data,Data Integration,EN,https://techcommunity.microsoft.com/t5/s/gxcuf89792/rss/board?board.id=AzureDataFactoryBlog,TRUE
Azure Database for My SQL,Database,MySQL,EN,https://techcommunity.microsoft.com/t5/s/gxcuf89792/rss/board?board.id=ADforMySQL,TRUE
Azure Database for Postgre SQL,Database,PostgreSQL,EN,https://techcommunity.microsoft.com/t5/s/gxcuf89792/rss/board?board.id=ADforPostgreSQL,TRUE
Azure Database Support,Database,Support,EN,https://techcommunity.microsoft.com/t5/s/gxcuf89792/rss/board?board.id=AzureDBSupport,TRUE
Azure Databricks,Azure,Analytics,EN,https://techcommunity.microsoft.com/t5/s/gxcuf89792/rss/board?board.id=azure-databricks,TRUE
Azure Events,Azure,Events,EN,https://techcommunity.microsoft.com/t5/s/gxcuf89792/rss/board?board.id=azure-events,TRUE
Azure Federal Developer Connect,Development,Public Sector,EN,https://techcommunity.microsoft.com/t5/s/gxcuf89792/rss/board?board.id=AzureFederalDeveloperConnect,TRUE
Azure Governance and Management,Governance,Governance,EN,https://techcommunity.microsoft.com/t5/s/gxcuf89792/rss/board?board.id=AzureGovernanceandManagementBlog,TRUE
Azure High Performance Computing,HPC,HPC,EN,https://techcommunity.microsoft.com/t5/s/gxcuf89792/rss/board?board.id=AzureHighPerformanceComputingBlog,TRUE
Azure Infra Gurus,Cloud Infrastructure,Infrastructure,EN,https://techcommunity.microsoft.com/t5/s/gxcuf89792/rss/board?board.id=AzureInfraGurus,TRUE
Azure Infrastructure,Cloud Infrastructure,Infrastructure,EN,https://techcommunity.microsoft.com/t5/s/gxcuf89792/rss/board?board.id=AzureInfrastructureBlog,TRUE
Azure Lab Services,Others,Education,EN,https://techcommunity.microsoft.com/t5/s/gxcuf89792/rss/board?board.id=AzureLabServicesBlog,TRUE
Azure Managed Redis,AzureDatabases,Caching,EN,https://techcommunity.microsoft.com/t5/s/gxcuf89792/rss/board?board.id=azure-managed-redis,TRUE
Azure Maps,PaaS,Geospatial,EN,https://techcommunity.microsoft.com/t5/s/gxcuf89792/rss/board?board.id=AzureMapsBlog,TRUE
Azure Migration and Modernization,Others,Migration,EN,https://techcommunity.microsoft.com/t5/s/gxcuf89792/rss/board?board.id=AzureMigrationBlog,TRUE
Azure Network Security,Networking,Security,EN,https://techcommunity.microsoft.com/t5/s/gxcuf89792/rss/board?board.id=AzureNetworkSecurityBlog,TRUE
Azure Networking,Networking,Networking,EN,https://techcommunity.microsoft.com/t5/s/gxcuf89792/rss/board?board.id=AzureNetworkingBlog,TRUE
Azure Observability,Others,Monitoring,EN,https://techcommunity.microsoft.com/t5/s/gxcuf89792/rss/board?board.id=AzureObservabilityBlog,TRUE
Azure PaaS,PaaS,PaaS,EN,https://techcommunity.microsoft.com/t5/s/gxcuf89792/rss/board?board.id=AzurePaaSBlog,TRUE
Azure SQL,Database,SQL,EN,https://techcommunity.microsoft.com/t5/s/gxcuf89792/rss/board?board.id=AzureSQLBlog,TRUE
Azure Stack,Cloud Infrastructure,Hybrid Cloud,EN,https://techcommunity.microsoft.com/t5/s/gxcuf89792/rss/board?board.id=AzureStackBlog,TRUE
Azure Storage,Cloud Infrastructure,Storage,EN,https://techcommunity.microsoft.com/t5/s/gxcuf89792/rss/board?board.id=AzureStorageBlog,TRUE
Azure Synapse Analytics,Analytics,Analytics,EN,https://techcommunity.microsoft.com/t5/s/gxcuf89792/rss/board?board.id=AzureSynapseAnalyticsBlog,TRUE
Azure Tools,Others,Tools,EN,https://techcommunity.microsoft.com/t5/s/gxcuf89792/rss/board?board.id=AzureToolsBlog,TRUE
Azure Updates,"Azure, Updates",Product Updates,EN,https://www.microsoft.com/releasecommunications/api/v2/azure/rss,TRUE
Azure Virtual Desktop,Virtualization,Virtual Desktop,EN,https://techcommunity.microsoft.com/t5/s/gxcuf89792/rss/board?board.id=AzureVirtualDesktopBlog,TRUE
BleepingComputer,Security,Security News,EN,https://www.bleepingcomputer.com/feed/,TRUE
Blog,egypt-azure-community,Community,EN,https://techcommunity.microsoft.com/t5/s/gxcuf89792/rss/board?board.id=aab67483-46fb-4614-831d-8aa9842acc9d,TRUE
Cloud developpez.com,Developpez.com,Cloud,FR,https://cloud-computing.developpez.com/index/rss,TRUE
Clubic.com,French Tech,General,FR,https://www.clubic.com/feed/rss,TRUE
Community Blog,copilot-studio-community-hub,Community,EN,https://techcommunity.microsoft.com/t5/s/gxcuf89792/rss/board?board.id=a92b97a6-3e9a-4575-9a58-089e39a349e5,TRUE
Community News Desk,Communities,Community,EN,https://techcommunity.microsoft.com/t5/s/gxcuf89792/rss/board?board.id=CommunityNewsDesk,TRUE
Configuration Manager,Endpoints,Endpoint Management,EN,https://techcommunity.microsoft.com/t5/s/gxcuf89792/rss/board?board.id=ConfigurationManagerBlog,TRUE
Containers,Containers,Containers,EN,https://techcommunity.microsoft.com/t5/s/gxcuf89792/rss/board?board.id=Containers,TRUE
Copilot Studio Blog,Microsoft365Copilot,AI,EN,https://techcommunity.microsoft.com/t5/s/gxcuf89792/rss/board?board.id=copilot-studio-blog,TRUE
Core Infrastructure and Security,"Security, TechCommunity",Security,EN,https://techcommunity.microsoft.com/t5/s/gxcuf89792/rss/board?board.id=CoreInfrastructureandSecurityBlog,TRUE
Corporate Communications,Others,Corporate News,EN,https://techcommunity.microsoft.com/t5/s/gxcuf89792/rss/board?board.id=Corporate_Communications_Blog,TRUE
Data Architecture,Data,Architecture,EN,https://techcommunity.microsoft.com/t5/s/gxcuf89792/rss/board?board.id=DataArchitectureBlog,TRUE
Daylight Saving Time & Time Zone Blog,Windows,System,EN,https://techcommunity.microsoft.com/t5/s/gxcuf89792/rss/board?board.id=DSTBlog,TRUE
Defender External Attack Surface Mgmt,Security,Security,EN,https://techcommunity.microsoft.com/t5/s/gxcuf89792/rss/board?board.id=DefenderExternalAttackSurfaceMgmtBlog,TRUE
Defender Threat Intelligence,Security,Threat Intelligence,EN,https://techcommunity.microsoft.com/t5/s/gxcuf89792/rss/board?board.id=DefenderThreatIntelligence,TRUE
Desenvolvedores BR,RegionalBlogs,Regional,EN,https://techcommunity.microsoft.com/t5/s/gxcuf89792/rss/board?board.id=DesenvolvedoresBR,TRUE
Device Management Microsoft,Endpoints,Endpoint Management,EN,https://techcommunity.microsoft.com/t5/s/gxcuf89792/rss/board?board.id=DeviceManagementMicrosoft,TRUE
Driving Adoption,Others,Adoption,EN,https://techcommunity.microsoft.com/t5/s/gxcuf89792/rss/board?board.id=DrivingAdoptionBlog,TRUE
Education,Communities,Education,EN,https://techcommunity.microsoft.com/t5/s/gxcuf89792/rss/board?board.id=EducationBlog,TRUE
Educator Developer,Development,Education,EN,https://techcommunity.microsoft.com/t5/s/gxcuf89792/rss/board?board.id=EducatorDeveloperBlog,TRUE
Edutech,PublicSector,Education,EN,https://techcommunity.microsoft.com/t5/s/gxcuf89792/rss/board?board.id=Edutech,TRUE
engadget.com,General,General,EN,https://www.engadget.com/feed/,TRUE
Excel,Productivity,Productivity,EN,https://techcommunity.microsoft.com/t5/s/gxcuf89792/rss/board?board.id=ExcelBlog,TRUE
Exchange,Exchange,Email,EN,https://techcommunity.microsoft.com/t5/s/gxcuf89792/rss/board?board.id=Exchange,TRUE
Failover Clustering,Windows-Server,High Availability,EN,https://techcommunity.microsoft.com/t5/s/gxcuf89792/rss/board?board.id=FailoverClustering,TRUE
Fast Track,Fast Track,Adoption,EN,https://techcommunity.microsoft.com/t5/s/gxcuf89792/rss/board?board.id=FastTrackBlog,TRUE
Fast Track for Azure,Fast Track,Adoption,EN,https://techcommunity.microsoft.com/t5/s/gxcuf89792/rss/board?board.id=FastTrackforAzureBlog,TRUE
FastTrack App Assure Blog,FastTrack,Compatibility,EN,https://techcommunity.microsoft.com/t5/s/gxcuf89792/rss/board?board.id=FastTrackAppAssure,TRUE
feeds.a.dj.com,General,General,EN,https://feeds.a.dj.com/rss/RSSWSJD.xml,TRUE
File CAB,Others,Storage,EN,https://techcommunity.microsoft.com/t5/s/gxcuf89792/rss/board?board.id=FileCAB,TRUE
Financial Times,General,General,EN,https://www.ft.com/technology?format=rss,TRUE
FinOps,Finops,Cost Management,EN,https://techcommunity.microsoft.com/t5/s/gxcuf89792/rss/board?board.id=FinOpsBlog,TRUE
FSLogix,Virtualization,Virtual Desktop,EN,https://techcommunity.microsoft.com/t5/s/gxcuf89792/rss/board?board.id=FSLogix-Blog,TRUE
generation-nt,French Tech,General,FR,https://www.generation-nt.com/export/rss.xml,TRUE
Gizmodo,General,General,EN,https://gizmodo.com/feed,TRUE
Hardware Dev Center,WinHEC-Online,Hardware,EN,https://techcommunity.microsoft.com/t5/s/gxcuf89792/rss/board?board.id=hardware-dev-center,TRUE
Healthcare And Life Sciences,Communities,Healthcare,EN,https://techcommunity.microsoft.com/t5/s/gxcuf89792/rss/board?board.id=HealthcareAndLifeSciencesBlog,TRUE
https://entra.news/feed,Entra Id,Identity,EN,https://entra.news/feed,TRUE
https://next.ink,General,General,FR,https://next.ink/feed/free,TRUE
https://www.numerama.com,General,General,FR,https://www.numerama.com/feed/,TRUE
IA developpez.com,Developpez.com,AI,FR,https://intelligence-artificielle.developpez.com/index/rss,TRUE
IIS Support,IIS,Web Server,EN,https://techcommunity.microsoft.com/t5/s/gxcuf89792/rss/board?board.id=IIS-Support-Blog,TRUE
ILT Communication,Communities,Training,EN,https://techcommunity.microsoft.com/t5/s/gxcuf89792/rss/board?board.id=ILTCommunicationBlog,TRUE
Integrations on Azure,Others,Integration,EN,https://techcommunity.microsoft.com/t5/s/gxcuf89792/rss/board?board.id=IntegrationsonAzureBlog,TRUE
Intune Customer Success,Endpoints,Endpoint Management,EN,https://techcommunity.microsoft.com/t5/s/gxcuf89792/rss/board?board.id=IntuneCustomerSuccess,TRUE
IoT,IOT,IoT,EN,https://techcommunity.microsoft.com/t5/s/gxcuf89792/rss/board?board.id=IoTBlog,TRUE
IT Ops Talk,ITOPS,Operations,EN,https://techcommunity.microsoft.com/t5/s/gxcuf89792/rss/board?board.id=ITOpsTalkBlog,TRUE
Italy ISV Chronicles,Italy-Partners,Partners,EN,https://techcommunity.microsoft.com/t5/s/gxcuf89792/rss/board?board.id=ItalyISVChronicles,TRUE
Italy Microsoft Cloud City,Italy-Partners,Partners,EN,https://techcommunity.microsoft.com/t5/s/gxcuf89792/rss/board?board.id=MicrosoftCloudCityItaly,TRUE
Italy News & Events,Italy-Partners,Partners,EN,https://techcommunity.microsoft.com/t5/s/gxcuf89792/rss/board?board.id=ItalyNewsEvents,TRUE
korben.info,French Tech,General,FR,https://korben.info/feed,TRUE
Kumppanifoorumi,Finland-Partners,Partners,EN,https://techcommunity.microsoft.com/t5/s/gxcuf89792/rss/board?board.id=Kumppanifoorumi,TRUE
larevuedudigital.com,French Tech,General,FR,https://www.larevuedudigital.com/feed/,TRUE
Learning Articles,leina-future-data-and-ai-hub,AI,EN,https://techcommunity.microsoft.com/t5/s/gxcuf89792/rss/board?board.id=4d93c985-67a2-4e72-b148-ea4860d8bfe8,TRUE
lebigdata.fr,French Tech,General,FR,https://www.lebigdata.fr/feed,TRUE
lemagit.fr,French Tech,General,FR,https://www.lemagit.fr/rss/ContentSyndication.xml,TRUE
lemondeinformatique.fr,French Tech,General,FR,https://www.lemondeinformatique.fr/flux-rss/thematique/toutes-les-actualites/rss.xml,TRUE
les-echos-tech-medias,General,General,FR,https://services.lesechos.fr/rss/les-echos-tech-medias.xml,TRUE
Linux and Open Source,Linux,Open Source,EN,https://techcommunity.microsoft.com/t5/s/gxcuf89792/rss/board?board.id=LinuxandOpenSourceBlog,TRUE
M365 GCCH Community Hub,Microsoft 365,Government,EN,https://techcommunity.microsoft.com/t5/s/gxcuf89792/rss/board?board.id=M365GCCHCommunityHubblog-board,TRUE
M365 Updates,"Microsoft 365, Updates",Product Updates,EN,https://www.microsoft.com/releasecommunications/api/v2/m365/rss,TRUE
Marketplace,Communities,Marketplace,EN,https://techcommunity.microsoft.com/t5/s/gxcuf89792/rss/board?board.id=Marketplace-Blog,TRUE
Messaging on Azure,Others,Messaging,EN,https://techcommunity.microsoft.com/t5/s/gxcuf89792/rss/board?board.id=MessagingonAzureBlog,TRUE
MGCI News,microsoft-global-community-initiative,Community,EN,https://techcommunity.microsoft.com/t5/s/gxcuf89792/rss/board?board.id=mgci-news,TRUE
Microsoft 365,Microsoft 365,Productivity,EN,https://techcommunity.microsoft.com/t5/s/gxcuf89792/rss/board?board.id=microsoft_365blog,TRUE
Microsoft 365 Copilot,Copilot,AI,EN,https://techcommunity.microsoft.com/t5/s/gxcuf89792/rss/board?board.id=Microsoft365CopilotBlog,TRUE
Microsoft 365 Insider,Microsoft 365,Insider,EN,https://techcommunity.microsoft.com/t5/s/gxcuf89792/rss/board?board.id=Microsoft365InsiderBlog,TRUE
Microsoft App Assure,MCPP,Compatibility,EN,https://techcommunity.microsoft.com/t5/s/gxcuf89792/rss/board?board.id=microsoft-app-assure,TRUE
Microsoft Clipchamp Blog,microsoft-clipchamp,Video,EN,https://techcommunity.microsoft.com/t5/s/gxcuf89792/rss/board?board.id=microsoft-clipchamp-blog,TRUE
Microsoft Data Migration,Data,Migration,EN,https://techcommunity.microsoft.com/t5/s/gxcuf89792/rss/board?board.id=MicrosoftDataMigration,TRUE
Microsoft Defender ATP,Security,Endpoint Security,EN,https://techcommunity.microsoft.com/t5/s/gxcuf89792/rss/board?board.id=MicrosoftDefenderATPBlog,TRUE
Microsoft Defender Cloud,"Security, TechCommunity",Cloud Security,EN,https://techcommunity.microsoft.com/t5/s/gxcuf89792/rss/board?board.id=MicrosoftDefenderCloudBlog,TRUE
Microsoft Defender for Office 365,"Security, TechCommunity",Email Security,EN,https://techcommunity.microsoft.com/t5/s/gxcuf89792/rss/board?board.id=MicrosoftDefenderforOffice365Blog,TRUE
Microsoft Defender XDR,Security,XDR,EN,https://techcommunity.microsoft.com/t5/s/gxcuf89792/rss/board?board.id=MicrosoftThreatProtectionBlog,TRUE
Microsoft Developer Community,Development,Development,EN,https://techcommunity.microsoft.com/t5/s/gxcuf89792/rss/board?board.id=AzureDevCommunityBlog,TRUE
Microsoft Device Ecosystem Platform,Hardware,Hardware,EN,https://techcommunity.microsoft.com/t5/s/gxcuf89792/rss/board?board.id=MicrosoftDeviceEcosystemPlatformBlog,TRUE
Microsoft Edge Insider,Productivity,Browser,EN,https://techcommunity.microsoft.com/t5/s/gxcuf89792/rss/board?board.id=MicrosoftEdgeInsider,TRUE
Microsoft Entra,Identity,Identity,EN,https://techcommunity.microsoft.com/t5/s/gxcuf89792/rss/board?board.id=microsoft-entra-blog,TRUE
Microsoft Forms,Productivity,Productivity,EN,https://techcommunity.microsoft.com/t5/s/gxcuf89792/rss/board?board.id=MicrosoftFormsBlog,TRUE
Microsoft Foundry Blog,azure-ai-foundry,AI,EN,https://techcommunity.microsoft.com/t5/s/gxcuf89792/rss/board?board.id=azure-ai-foundry-blog,TRUE
Microsoft Graph Data Connect for SharePoint,Data,Data Integration,EN,https://techcommunity.microsoft.com/t5/s/gxcuf89792/rss/board?board.id=Microsoft_Graph_Data_Connect_for_SharePo,TRUE
Microsoft Intune,Endpoints,Endpoint Management,EN,https://techcommunity.microsoft.com/t5/s/gxcuf89792/rss/board?board.id=microsoftintuneblog,TRUE
Microsoft Learn Blog,MicrosoftLearn,Education,EN,https://techcommunity.microsoft.com/t5/s/gxcuf89792/rss/board?board.id=skills-hub-blog,TRUE
Microsoft Learn for Educators News,microsoft-learn-for-educators,Education,EN,https://techcommunity.microsoft.com/t5/s/gxcuf89792/rss/board?board.id=microsoft-learn-for-educators-blog,TRUE
Microsoft Managed Desktop Blog,microsoft365,Endpoint Management,EN,https://techcommunity.microsoft.com/t5/s/gxcuf89792/rss/board?board.id=MicrosoftManagedDesktop,TRUE
Microsoft Mechanics,Architecture,Product Demos,EN,https://techcommunity.microsoft.com/t5/s/gxcuf89792/rss/board?board.id=MicrosoftMechanicsBlog,TRUE
Microsoft Mission Critical,Architecture,Architecture,EN,https://techcommunity.microsoft.com/t5/s/gxcuf89792/rss/board?board.id=MicrosoftMissionCriticalBlog,TRUE
Microsoft MVP Program,Communities,Community,EN,https://techcommunity.microsoft.com/t5/s/gxcuf89792/rss/board?board.id=mvp-blog,TRUE
Microsoft One Drive,Productivity,Storage,EN,https://techcommunity.microsoft.com/t5/s/gxcuf89792/rss/board?board.id=OneDriveBlog,TRUE
Microsoft Planetary Computer Blog,Azure,AI,EN,https://techcommunity.microsoft.com/t5/s/gxcuf89792/rss/board?board.id=microsoft-planetary-computer-blog,TRUE
Microsoft Priva,microsoft-priva,Privacy,EN,https://techcommunity.microsoft.com/t5/s/gxcuf89792/rss/board?board.id=microsoft-priva-blog,TRUE
Microsoft Purview Blog,Microsoft-Purview,Compliance,EN,https://techcommunity.microsoft.com/t5/s/gxcuf89792/rss/board?board.id=microsoft-purview-blog,TRUE
Microsoft Search Blog,MicrosoftSearch,Search,EN,https://techcommunity.microsoft.com/t5/s/gxcuf89792/rss/board?board.id=IntelligentSearch_DiscoveryBlog,TRUE
microsoft security,"Security, TechCommunity",Security,EN,https://techcommunity.microsoft.com/t5/s/gxcuf89792/rss/board?board.id=microsoft-security-blog,TRUE
Microsoft Security Baselines,"Security, TechCommunity",Security,EN,https://techcommunity.microsoft.com/t5/s/gxcuf89792/rss/board?board.id=Microsoft-Security-Baselines,TRUE
Microsoft Security Copilot,Copilot,AI Security,EN,https://techcommunity.microsoft.com/t5/s/gxcuf89792/rss/board?board.id=SecurityCopilotBlog,TRUE
Microsoft Security Experts,Security,Security,EN,https://techcommunity.microsoft.com/t5/s/gxcuf89792/rss/board?board.id=MicrosoftSecurityExperts,TRUE
Microsoft Security Exposure Management Blog,microsoft-defender-for-cloud,Cloud Security,EN,https://techcommunity.microsoft.com/t5/s/gxcuf89792/rss/board?board.id=securityexposuremanagement,TRUE
Microsoft Sentinel,"Security, TechCommunity",SIEM,EN,https://techcommunity.microsoft.com/t5/s/gxcuf89792/rss/board?board.id=MicrosoftSentinelBlog,TRUE
Microsoft SharePoint,Others,Collaboration,EN,https://techcommunity.microsoft.com/t5/s/gxcuf89792/rss/board?board.id=SPBlog,TRUE
Microsoft Teams,Productivity,Collaboration,EN,https://techcommunity.microsoft.com/t5/s/gxcuf89792/rss/board?board.id=MicrosoftTeamsBlog,TRUE
Microsoft Teams (free),Productivity,Collaboration,EN,https://techcommunity.microsoft.com/t5/s/gxcuf89792/rss/board?board.id=TeamsFreeBlog,TRUE
Microsoft Teams Community,Productivity,Community,EN,https://techcommunity.microsoft.com/t5/s/gxcuf89792/rss/board?board.id=MicrosoftTeamsCommunityBlog,TRUE
Microsoft Teams for Small and Medium Business,MicrosoftTeams,Collaboration,EN,https://techcommunity.microsoft.com/t5/s/gxcuf89792/rss/board?board.id=microsoft-teams-SMB,TRUE
Microsoft Teams Support,Productivity,Support,EN,https://techcommunity.microsoft.com/t5/s/gxcuf89792/rss/board?board.id=MicrosoftTeamsSupport,TRUE
Microsoft To Do Blog,MicrosoftTo-Do,Productivity,EN,https://techcommunity.microsoft.com/t5/s/gxcuf89792/rss/board?board.id=To-DoBlog,TRUE
Microsoft USB,Others,Hardware,EN,https://techcommunity.microsoft.com/t5/s/gxcuf89792/rss/board?board.id=MicrosoftUSBBlog,TRUE
Microsoft Viva,Collaboration,Employee Experience,EN,https://techcommunity.microsoft.com/t5/s/gxcuf89792/rss/board?board.id=MicrosoftVivaBlog,TRUE
microsoft.developpez.com,Developpez.com,General,FR,https://microsoft.developpez.com/index/rss,TRUE
Mixed reality link,AI,Mixed Reality,EN,https://techcommunity.microsoft.com/t5/s/gxcuf89792/rss/board?board.id=mixed-reality-link,TRUE
Modern Service Management Blog,modern-service-management,IT Service Management,EN,https://techcommunity.microsoft.com/t5/s/gxcuf89792/rss/board?board.id=modern-service-management-blog,TRUE
Modern Work App Consult,PaaS,Consulting,EN,https://techcommunity.microsoft.com/t5/s/gxcuf89792/rss/board?board.id=ModernWorkAppConsult,TRUE
Modernization Best Practices,PaaS,Migration,EN,https://techcommunity.microsoft.com/t5/s/gxcuf89792/rss/board?board.id=ModernizationBestPracticesBlog,TRUE
Netherlands Partner News & Updates,Netherlands,Partners,EN,https://techcommunity.microsoft.com/t5/s/gxcuf89792/rss/board?board.id=GeneralNewsUpdatesNetherlands,TRUE
Networking,Networking,Networking,EN,https://techcommunity.microsoft.com/t5/s/gxcuf89792/rss/board?board.id=NetworkingBlog,TRUE
News from Microsoft Norway,Norway-Partners,Partners,EN,https://techcommunity.microsoft.com/t5/s/gxcuf89792/rss/board?board.id=NewsfromMicrosoftNorway,TRUE
NOM365C Blog,nom365c,Community,EN,https://techcommunity.microsoft.com/t5/s/gxcuf89792/rss/board?board.id=f96c318b-0d3f-4cc0-bf48-2f086230c102,TRUE
Non profit Techies,Communities,Nonprofit,EN,https://techcommunity.microsoft.com/t5/s/gxcuf89792/rss/board?board.id=NonprofitTechies,TRUE
Novidades do MCPP,Portugal-Partners,Partners,EN,https://techcommunity.microsoft.com/t5/s/gxcuf89792/rss/board?board.id=NovidadesdoMCPP,TRUE
Office End Of Support,Productivity,Lifecycle,EN,https://techcommunity.microsoft.com/t5/s/gxcuf89792/rss/board?board.id=OfficeEOS,TRUE
Onboarding Portugal,Portugal-Partners,Partners,EN,https://techcommunity.microsoft.com/t5/s/gxcuf89792/rss/board?board.id=OnboardingPortugal,TRUE
Oracle on Azure,Database,Oracle,EN,https://techcommunity.microsoft.com/t5/s/gxcuf89792/rss/board?board.id=OracleonAzureBlog,TRUE
Outlook,Outlook,Email,EN,https://techcommunity.microsoft.com/t5/s/gxcuf89792/rss/board?board.id=Outlook,TRUE
Outlook Global Customer Service & Support Team Blog,Outlook,Support,EN,https://techcommunity.microsoft.com/t5/s/gxcuf89792/rss/board?board.id=OutlookGlobalCustomerService,TRUE
Partner News,Partners,Partners,EN,https://techcommunity.microsoft.com/t5/s/gxcuf89792/rss/board?board.id=PartnerNews,TRUE
Partner Updates Austria,Austria-Partners,Partners,EN,https://techcommunity.microsoft.com/t5/s/gxcuf89792/rss/board?board.id=PartnerUpdatesAustria,TRUE
Partner Updates Denmark & Iceland,DenmarkIceland-Partners,Partners,EN,https://techcommunity.microsoft.com/t5/s/gxcuf89792/rss/board?board.id=PartnerUpdatesDenmarkIceland,TRUE
Partner updates Ireland,Ireland-Partners,Partners,EN,https://techcommunity.microsoft.com/t5/s/gxcuf89792/rss/board?board.id=PartnerUpdates-Ireland,TRUE
Planner,Productivity,Productivity,EN,https://techcommunity.microsoft.com/t5/s/gxcuf89792/rss/board?board.id=PlannerBlog,TRUE
presse-citron.net,French Tech,General,FR,https://www.presse-citron.net/feed/,TRUE
programmez.com,French Tech,Development,FR,https://www.programmez.com/rss/rss_actu.php,TRUE
Project,Productivity,Project Management,EN,https://techcommunity.microsoft.com/t5/s/gxcuf89792/rss/board?board.id=ProjectBlog,TRUE
Project Support,Productivity,Support,EN,https://techcommunity.microsoft.com/t5/s/gxcuf89792/rss/board?board.id=ProjectSupport,TRUE
Public Sector,Communities,Public Sector,EN,https://techcommunity.microsoft.com/t5/s/gxcuf89792/rss/board?board.id=PublicSectorBlog,TRUE
quickquotemaker.com EN,Quotes,Quotes,EN,https://quickquotemaker.com/api/rss.xml?lang=en,TRUE
quickquotemaker.com FR,Quotes,Quotes,FR,https://quickquotemaker.com/api/rss.xml?lang=fr,TRUE
Reddit,General,General,EN,https://www.reddit.com/r/technology/top.rss?t=day,TRUE
Reliability and Resiliency in Azure,Azure,Reliability,EN,https://techcommunity.microsoft.com/t5/s/gxcuf89792/rss/board?board.id=reliability-and-resiliency-in-azure,TRUE
rsstechwatch.com EN,General,General,EN,https://www.rsstechwatch.com/feed.en.xml,TRUE
rsstechwatch.com FR,General,General,FR,https://www.rsstechwatch.com/feed.fr.xml,TRUE
SAP Applications,SAP,ERP,EN,https://techcommunity.microsoft.com/t5/s/gxcuf89792/rss/board?board.id=SAPApplications,TRUE
SAP Partner News,microsoft-sap-partner-community,Partners,EN,https://techcommunity.microsoft.com/t5/s/gxcuf89792/rss/board?board.id=SAP-PartnerNews,TRUE
Share Point Embedded,Productivity,Collaboration,EN,https://techcommunity.microsoft.com/t5/s/gxcuf89792/rss/board?board.id=SharePoint_Embedded,TRUE
silicon.fr,French Tech,General,FR,https://www.silicon.fr/feed,TRUE
Skype for Business,Productivity,Collaboration,EN,https://techcommunity.microsoft.com/t5/s/gxcuf89792/rss/board?board.id=Skype_for_Business_Blog,TRUE
Skype for Business Ignite Blog,SkypeForBusiness,Collaboration,EN,https://techcommunity.microsoft.com/t5/s/gxcuf89792/rss/board?board.id=SkypeforBusinessIgniteBlog,TRUE
slashdot.org,General,General,EN,http://rss.slashdot.org/Slashdot/slashdotMain,TRUE
Small Basic,Others,Education,EN,https://techcommunity.microsoft.com/t5/s/gxcuf89792/rss/board?board.id=SmallBasic,TRUE
Specialization Updates,MCPP,Partners,EN,https://techcommunity.microsoft.com/t5/s/gxcuf89792/rss/board?board.id=specialization-blog,TRUE
SQL Server,Database,SQL,EN,https://techcommunity.microsoft.com/t5/s/gxcuf89792/rss/board?board.id=SQLServer,TRUE
SQLServer Support,Database,Support,EN,https://techcommunity.microsoft.com/t5/s/gxcuf89792/rss/board?board.id=SQLServerSupport,TRUE
SSIS,Database,Data Integration,EN,https://techcommunity.microsoft.com/t5/s/gxcuf89792/rss/board?board.id=SSIS,TRUE
Startups at Microsoft,Architecture,Startups,EN,https://techcommunity.microsoft.com/t5/s/gxcuf89792/rss/board?board.id=StartupsatMicrosoftBlog,TRUE
Student Developer,Development,Education,EN,https://techcommunity.microsoft.com/t5/s/gxcuf89792/rss/board?board.id=StudentDeveloperBlog,TRUE
Surface IT Pro,Hardware,Hardware,EN,https://techcommunity.microsoft.com/t5/s/gxcuf89792/rss/board?board.id=SurfaceITPro,TRUE
Sysinternals,SysInternal,Diagnostics,EN,https://techcommunity.microsoft.com/t5/s/gxcuf89792/rss/board?board.id=Sysinternals-Blog,TRUE
System Center,Endpoints,Endpoint Management,EN,https://techcommunity.microsoft.com/t5/s/gxcuf89792/rss/board?board.id=SystemCenterBlog,TRUE
Tech Crunch,General,General,EN,https://techcrunch.com/feed/,TRUE
TechCommunity Blog,TechCommunity,Community,EN,https://techcommunity.microsoft.com/t5/s/gxcuf89792/rss/Community?interaction.style=blog&feeds.replies=false,TRUE
techmeme.com,General,General,EN,https://www.techmeme.com/feed.xml,TRUE
TechRadar,General,General,EN,https://politepol.com/fd/RXYRAkIMnRWX,TRUE
Telecommunications Industry Blog,Azure,Telecom,EN,https://techcommunity.microsoft.com/t5/s/gxcuf89792/rss/board?board.id=telecommunications-industry-blog,TRUE
TestingSpot Blog,MicrosoftTesting,Testing,EN,https://techcommunity.microsoft.com/t5/s/gxcuf89792/rss/board?board.id=TestingSpotBlog,TRUE
The Guardian,General,General,EN,https://www.theguardian.com/uk/technology/rss,TRUE
The Hackers News,Security,Security News,EN,https://feeds.feedburner.com/TheHackersNews,TRUE
The Verge,General,General,EN,https://www.theverge.com/rss/index.xml,TRUE
theguardian US,General,General,EN,https://www.theguardian.com/us/technology/rss,TRUE
theverge Tech,General,General,EN,https://www.theverge.com/rss/tech/index.xml,TRUE
tomshardware.com,General,General,EN,https://www.tomshardware.com/feeds.xml,TRUE
Viva Amplify,Collaboration,Employee Experience,EN,https://techcommunity.microsoft.com/t5/s/gxcuf89792/rss/board?board.id=Viva_Amplify_Blog,TRUE
Viva Connections,Collaboration,Employee Experience,EN,https://techcommunity.microsoft.com/t5/s/gxcuf89792/rss/board?board.id=Viva_Connections_Blog,TRUE
Viva Engage,Collaboration,Employee Experience,EN,https://techcommunity.microsoft.com/t5/s/gxcuf89792/rss/board?board.id=Viva_Engage_Blog,TRUE
Viva Glint,Collaboration,Employee Experience,EN,https://techcommunity.microsoft.com/t5/s/gxcuf89792/rss/board?board.id=Viva_Glint_Blog,TRUE
Viva Glint Partnersblog board,Collaboration,Partners,EN,https://techcommunity.microsoft.com/t5/s/gxcuf89792/rss/board?board.id=Viva_Glint_Partnersblog-board,TRUE
Viva Goals Blog,Viva-Goals,Employee Experience,EN,https://techcommunity.microsoft.com/t5/s/gxcuf89792/rss/board?board.id=VivaGoalsBlog,TRUE
Viva Insights,Collaboration,Employee Experience,EN,https://techcommunity.microsoft.com/t5/s/gxcuf89792/rss/board?board.id=Viva_Insights_Blog,TRUE
Viva Learning,Collaboration,Education,EN,https://techcommunity.microsoft.com/t5/s/gxcuf89792/rss/board?board.id=Viva_Learning_Blog,TRUE
Viva Pulse,Collaboration,Employee Experience,EN,https://techcommunity.microsoft.com/t5/s/gxcuf89792/rss/board?board.id=VivaPulse-Blog,TRUE
Viva Sales,Collaboration,Sales,EN,https://techcommunity.microsoft.com/t5/s/gxcuf89792/rss/board?board.id=VivaSales-Blog,TRUE
Viva Topics Blog,Viva-Topics,Knowledge Management,EN,https://techcommunity.microsoft.com/t5/s/gxcuf89792/rss/board?board.id=Viva_Topics_Blog,TRUE
vongurufeed,General,General,FR,https://feeds.feedburner.com/vongurufeed,TRUE
Vulnerability Management,"Security, TechCommunity",Security,EN,https://techcommunity.microsoft.com/t5/s/gxcuf89792/rss/board?board.id=Vulnerability-Management,TRUE
Weekly Roundup,Others,Roundup,EN,https://techcommunity.microsoft.com/t5/s/gxcuf89792/rss/board?board.id=WeeklyRoundupBlog,TRUE
Windows Admin Center,Windows,Management,EN,https://techcommunity.microsoft.com/t5/s/gxcuf89792/rss/board?board.id=Windows-Admin-Center-Blog,TRUE
Windows Driver Dev,Windows,Drivers,EN,https://techcommunity.microsoft.com/t5/s/gxcuf89792/rss/board?board.id=WindowsDriverDev,TRUE
Windows Hardware Certification,WinHEC-Online,Hardware,EN,https://techcommunity.microsoft.com/t5/s/gxcuf89792/rss/board?board.id=windows-hardware-certification,TRUE
Windows IT Pro,Windows,IT Pro,EN,https://techcommunity.microsoft.com/t5/s/gxcuf89792/rss/board?board.id=Windows-ITPro-blog,TRUE
Windows OS Platform Blog,Windows,Operating System,EN,https://techcommunity.microsoft.com/t5/s/gxcuf89792/rss/board?board.id=WindowsOSPlatform,TRUE
Windows Server Essentials and Small Business Server,Windows-Server,Small Business,EN,https://techcommunity.microsoft.com/t5/s/gxcuf89792/rss/board?board.id=SBS,TRUE
Windows Server News and Best Practices,Windows-Server,Windows Server,EN,https://techcommunity.microsoft.com/t5/s/gxcuf89792/rss/board?board.id=WindowsServerNewsandBestPractices,TRUE
WinHEC Online Blog,WinHEC-Online,Hardware,EN,https://techcommunity.microsoft.com/t5/s/gxcuf89792/rss/board?board.id=winhec-online-blog,TRUE
wired.com,General,General,EN,https://www.wired.com/feed/rss,TRUE
www.fredzone.org,General,General,FR,https://www.fredzone.org/feed/,TRUE
www.ginjfo.com,General,General,FR,https://www.ginjfo.com/actualites/feed,TRUE
www.it-connect.fr,General,General,FR,https://www.it-connect.fr/feed/,TRUE
www.journaldugeek.com,Genral,General,FR,https://www.journaldugeek.com/feed/,TRUE
www.journaldunet.com,General,General,FR,https://www.journaldunet.com/rss/,TRUE
www.lesnumeriques.com,General,General,FR,https://www.lesnumeriques.com/rss-news.xml,TRUE
www.usine-digitale.fr,General,General,FR,https://www.usine-digitale.fr/arc/outboundfeeds/rss/,TRUE
www.usinenouvelle.com,General,General,FR,https://www.usinenouvelle.com/arc/outboundfeeds/rss/,TRUE
Xbox Game Developer Blog,microsoft-game-developers,Gaming,EN,https://techcommunity.microsoft.com/t5/s/gxcuf89792/rss/board?board.id=xbox-game-developer-blog,TRUE
ycombinator.com,General,General,EN,https://news.ycombinator.com/rss,TRUE
zataz.com,French Tech,Security,FR,https://www.zataz.com/feed/,TRUE
ZDNet,General,General,EN,https://www.zdnet.com/news/rss.xml,TRUE
