name,category,url,enabled
"AI Platform","AI","https://techcommunity.microsoft.com/t5/s/gxcuf89792/rss/board?board.id=AIPlatformBlog",true
"Access","Identity","https://techcommunity.microsoft.com/t5/s/gxcuf89792/rss/board?board.id=AccessBlog",true
"Ads API","PaaS","https://techcommunity.microsoft.com/t5/s/gxcuf89792/rss/board?board.id=AdsAPIBlog",true
"Analytics on Azure","Analytics","https://techcommunity.microsoft.com/t5/s/gxcuf89792/rss/board?board.id=AnalyticsonAzure",true
"Apps on Azure","PaaS","https://techcommunity.microsoft.com/t5/s/gxcuf89792/rss/board?board.id=AppsonAzureBlog",true
"Ask Directory Services","Others","https://techcommunity.microsoft.com/t5/s/gxcuf89792/rss/board?board.id=AskDS",true
"Azure AI Services","AI","https://techcommunity.microsoft.com/t5/s/gxcuf89792/rss/board?board.id=Azure-AI-Services-blog",true
"Azure Arc","Arc","https://techcommunity.microsoft.com/t5/s/gxcuf89792/rss/board?board.id=AzureArcBlog",true
"Azure Architecture","Architecture","https://techcommunity.microsoft.com/t5/s/gxcuf89792/rss/board?board.id=AzureArchitectureBlog",true
"Azure Communication Services","PaaS","https://techcommunity.microsoft.com/t5/s/gxcuf89792/rss/board?board.id=AzureCommunicationServicesBlog",true
"Azure Compute","Cloud Infrastructure","https://techcommunity.microsoft.com/t5/s/gxcuf89792/rss/board?board.id=AzureCompute",true
"Azure Confidential Computing","PaaS","https://techcommunity.microsoft.com/t5/s/gxcuf89792/rss/board?board.id=AzureConfidentialComputingBlog",true
"Azure Data","Data","https://techcommunity.microsoft.com/t5/s/gxcuf89792/rss/board?board.id=AzureDataBlog",true
"Azure Data Explorer","Data","https://techcommunity.microsoft.com/t5/s/gxcuf89792/rss/board?board.id=AzureDataExplorer",true
"Azure Data Factory","Data","https://techcommunity.microsoft.com/t5/s/gxcuf89792/rss/board?board.id=AzureDataFactoryBlog",true
"Azure Database Support","Databases","https://techcommunity.microsoft.com/t5/s/gxcuf89792/rss/board?board.id=AzureDBSupport",true
"Azure Database for My SQL","Database","https://techcommunity.microsoft.com/t5/s/gxcuf89792/rss/board?board.id=ADforMySQL",true
"Azure Database for Postgre SQL","Database","https://techcommunity.microsoft.com/t5/s/gxcuf89792/rss/board?board.id=ADforPostgreSQL",true
"Azure Federal Developer Connect","Development","https://techcommunity.microsoft.com/t5/s/gxcuf89792/rss/board?board.id=AzureFederalDeveloperConnect",true
"Azure Governance and Management","Governance","https://techcommunity.microsoft.com/t5/s/gxcuf89792/rss/board?board.id=AzureGovernanceandManagementBlog",true
"Azure High Performance Computing","HPC","https://techcommunity.microsoft.com/t5/s/gxcuf89792/rss/board?board.id=AzureHighPerformanceComputingBlog",true
"Azure Infra Gurus","Cloud Infrastructure","https://techcommunity.microsoft.com/t5/s/gxcuf89792/rss/board?board.id=AzureInfraGurus",true
"Azure Infrastructure","Cloud Infrastructure","https://techcommunity.microsoft.com/t5/s/gxcuf89792/rss/board?board.id=AzureInfrastructureBlog",true
"Azure Lab Services","Others","https://techcommunity.microsoft.com/t5/s/gxcuf89792/rss/board?board.id=AzureLabServicesBlog",true
"Azure Maps","PaaS","https://techcommunity.microsoft.com/t5/s/gxcuf89792/rss/board?board.id=AzureMapsBlog",true
"Azure Migration and Modernization","Others","https://techcommunity.microsoft.com/t5/s/gxcuf89792/rss/board?board.id=AzureMigrationBlog",true
"Azure Network Security","Networking","https://techcommunity.microsoft.com/t5/s/gxcuf89792/rss/board?board.id=AzureNetworkSecurityBlog",true
"Azure Networking","Networking","https://techcommunity.microsoft.com/t5/s/gxcuf89792/rss/board?board.id=AzureNetworkingBlog",true
"Azure Observability","Others","https://techcommunity.microsoft.com/t5/s/gxcuf89792/rss/board?board.id=AzureObservabilityBlog",true
"Azure PaaS","PaaS","https://techcommunity.microsoft.com/t5/s/gxcuf89792/rss/board?board.id=AzurePaaSBlog",true
"Azure Purview","Security","https://techcommunity.microsoft.com/t5/s/gxcuf89792/rss/board?board.id=AzurePurviewBlog",true
"Azure SQL","Database","https://techcommunity.microsoft.com/t5/s/gxcuf89792/rss/board?board.id=AzureSQLBlog",true
"Azure Space","PaaS","https://techcommunity.microsoft.com/t5/s/gxcuf89792/rss/board?board.id=AzureSpaceBlog",true
"Azure Stack","Cloud Infrastructure","https://techcommunity.microsoft.com/t5/s/gxcuf89792/rss/board?board.id=AzureStackBlog",true
"Azure Storage","Cloud Infrastructure","https://techcommunity.microsoft.com/t5/s/gxcuf89792/rss/board?board.id=AzureStorageBlog",true
"Azure Synapse Analytics","Analytics","https://techcommunity.microsoft.com/t5/s/gxcuf89792/rss/board?board.id=AzureSynapseAnalyticsBlog",true
"Azure Tools","Others","https://techcommunity.microsoft.com/t5/s/gxcuf89792/rss/board?board.id=AzureToolsBlog",true
"Azure Virtual Desktop","Virtualization","https://techcommunity.microsoft.com/t5/s/gxcuf89792/rss/board?board.id=AzureVirtualDesktopBlog",true
"Azure for ISV and Startups Technical","Architecture","https://techcommunity.microsoft.com/t5/s/gxcuf89792/rss/board?board.id=AzureforISVandStartupsTechnicalBlog",true
"Community News Desk","Communities","https://techcommunity.microsoft.com/t5/s/gxcuf89792/rss/board?board.id=CommunityNewsDesk",true
"Configuration Manager","Endpoints","https://techcommunity.microsoft.com/t5/s/gxcuf89792/rss/board?board.id=ConfigurationManagerBlog",true
"Containers","Containers","https://techcommunity.microsoft.com/t5/s/gxcuf89792/rss/board?board.id=Containers",true
"Core Infrastructure and Security","Security","https://techcommunity.microsoft.com/t5/s/gxcuf89792/rss/board?board.id=CoreInfrastructureandSecurityBlog",true
"Corporate Communications","Others","https://techcommunity.microsoft.com/t5/s/gxcuf89792/rss/board?board.id=Corporate_Communications_Blog",true
"Data Architecture","Data","https://techcommunity.microsoft.com/t5/s/gxcuf89792/rss/board?board.id=DataArchitectureBlog",true
"Defender External Attack Surface Mgmt","Security","https://techcommunity.microsoft.com/t5/s/gxcuf89792/rss/board?board.id=DefenderExternalAttackSurfaceMgmtBlog",true
"Defender Threat Intelligence","Security","https://techcommunity.microsoft.com/t5/s/gxcuf89792/rss/board?board.id=DefenderThreatIntelligence",true
"Device Management Microsoft","Endpoints","https://techcommunity.microsoft.com/t5/s/gxcuf89792/rss/board?board.id=DeviceManagementMicrosoft",true
"Driving Adoption","Others","https://techcommunity.microsoft.com/t5/s/gxcuf89792/rss/board?board.id=DrivingAdoptionBlog",true
"Education","Communities","https://techcommunity.microsoft.com/t5/s/gxcuf89792/rss/board?board.id=EducationBlog",true
"Educator Developer","Development","https://techcommunity.microsoft.com/t5/s/gxcuf89792/rss/board?board.id=EducatorDeveloperBlog",true
"Excel","Productivity","https://techcommunity.microsoft.com/t5/s/gxcuf89792/rss/board?board.id=ExcelBlog",true
"Exchange","Exchange","https://techcommunity.microsoft.com/t5/s/gxcuf89792/rss/board?board.id=Exchange",true
"FSLogix","Virtualization","https://techcommunity.microsoft.com/t5/s/gxcuf89792/rss/board?board.id=FSLogix-Blog",true
"Fast Track","Fast Track","https://techcommunity.microsoft.com/t5/s/gxcuf89792/rss/board?board.id=FastTrackBlog",true
"Fast Track for Azure","Fast Track","https://techcommunity.microsoft.com/t5/s/gxcuf89792/rss/board?board.id=FastTrackforAzureBlog",true
"File CAB","Others","https://techcommunity.microsoft.com/t5/s/gxcuf89792/rss/board?board.id=FileCAB",true
"FinOps","Finops","https://techcommunity.microsoft.com/t5/s/gxcuf89792/rss/board?board.id=FinOpsBlog",true
"Hardware Dev Center","Hardware","https://techcommunity.microsoft.com/t5/s/gxcuf89792/rss/board?board.id=HardwareDevCenter",true
"Healthcare And Life Sciences","Communities","https://techcommunity.microsoft.com/t5/s/gxcuf89792/rss/board?board.id=HealthcareAndLifeSciencesBlog",true
"IIS Support","IIS","https://techcommunity.microsoft.com/t5/s/gxcuf89792/rss/board?board.id=IIS-Support-Blog",true
"ILT Communication","Communities","https://techcommunity.microsoft.com/t5/s/gxcuf89792/rss/board?board.id=ILTCommunicationBlog",true
"IT Ops Talk","ITOPS","https://techcommunity.microsoft.com/t5/s/gxcuf89792/rss/board?board.id=ITOpsTalkBlog",true
"Integrations on Azure","Others","https://techcommunity.microsoft.com/t5/s/gxcuf89792/rss/board?board.id=IntegrationsonAzureBlog",true
"Intune Customer Success","Endpoints","https://techcommunity.microsoft.com/t5/s/gxcuf89792/rss/board?board.id=IntuneCustomerSuccess",true
"IoT","IOT","https://techcommunity.microsoft.com/t5/s/gxcuf89792/rss/board?board.id=IoTBlog",true
"Linux and Open Source","Linux","https://techcommunity.microsoft.com/t5/s/gxcuf89792/rss/board?board.id=LinuxandOpenSourceBlog",true
"M365 GCCH Community Hub","Microsoft 365","https://techcommunity.microsoft.com/t5/s/gxcuf89792/rss/board?board.id=M365GCCHCommunityHubblog-board",true
"Machine Learning","AI","https://techcommunity.microsoft.com/t5/s/gxcuf89792/rss/board?board.id=MachineLearningBlog",true
"Manufacturing","Communities","https://techcommunity.microsoft.com/t5/s/gxcuf89792/rss/board?board.id=Manufacturing",true
"Marketplace","Communities","https://techcommunity.microsoft.com/t5/s/gxcuf89792/rss/board?board.id=Marketplace-Blog",true
"Messaging on Azure","Others","https://techcommunity.microsoft.com/t5/s/gxcuf89792/rss/board?board.id=MessagingonAzureBlog",true
"Microsoft 365","Microsoft 365","https://techcommunity.microsoft.com/t5/s/gxcuf89792/rss/board?board.id=microsoft_365blog",true
"Microsoft 365 Archive","Microsoft 365","https://techcommunity.microsoft.com/t5/s/gxcuf89792/rss/board?board.id=Microsoft_365_Archive_Blog",true
"Microsoft 365 Backup","Microsoft 365","https://techcommunity.microsoft.com/t5/s/gxcuf89792/rss/board?board.id=Microsoft_365_Backup_Blog",true
"Microsoft 365 Copilot","Copilot","https://techcommunity.microsoft.com/t5/s/gxcuf89792/rss/board?board.id=Microsoft365CopilotBlog",true
"Microsoft 365 Insider","Microsoft 365","https://techcommunity.microsoft.com/t5/s/gxcuf89792/rss/board?board.id=Microsoft365InsiderBlog",true
"Microsoft Data Migration","Data","https://techcommunity.microsoft.com/t5/s/gxcuf89792/rss/board?board.id=MicrosoftDataMigration",true
"Microsoft Defender ATP","Security","https://techcommunity.microsoft.com/t5/s/gxcuf89792/rss/board?board.id=MicrosoftDefenderATPBlog",true
"Microsoft Defender Cloud","Security","https://techcommunity.microsoft.com/t5/s/gxcuf89792/rss/board?board.id=MicrosoftDefenderCloudBlog",true
"Microsoft Defender IoT","Security","https://techcommunity.microsoft.com/t5/s/gxcuf89792/rss/board?board.id=MicrosoftDefenderIoTBlog",true
"Microsoft Defender XDR","Security","https://techcommunity.microsoft.com/t5/s/gxcuf89792/rss/board?board.id=MicrosoftThreatProtectionBlog",true
"Microsoft Defender for Office 365","Security","https://techcommunity.microsoft.com/t5/s/gxcuf89792/rss/board?board.id=MicrosoftDefenderforOffice365Blog",true
"Microsoft Developer Community","Development","https://techcommunity.microsoft.com/t5/s/gxcuf89792/rss/board?board.id=AzureDevCommunityBlog",true
"Microsoft Device Ecosystem Platform","Hardware","https://techcommunity.microsoft.com/t5/s/gxcuf89792/rss/board?board.id=MicrosoftDeviceEcosystemPlatformBlog",true
"Microsoft Edge Insider","Productivity","https://techcommunity.microsoft.com/t5/s/gxcuf89792/rss/board?board.id=MicrosoftEdgeInsider",true
"Microsoft Entra","Identity","https://techcommunity.microsoft.com/t5/s/gxcuf89792/rss/board?board.id=microsoft-entra-blog",true
"Microsoft Forms","Productivity","https://techcommunity.microsoft.com/t5/s/gxcuf89792/rss/board?board.id=MicrosoftFormsBlog",true
"Microsoft Graph Data Connect for SharePoint","Data","https://techcommunity.microsoft.com/t5/s/gxcuf89792/rss/board?board.id=Microsoft_Graph_Data_Connect_for_SharePo",true
"Microsoft Industry","Communities","https://techcommunity.microsoft.com/t5/s/gxcuf89792/rss/board?board.id=MicrosoftIndustryBlog",true
"Microsoft Intune","Endpoints","https://techcommunity.microsoft.com/t5/s/gxcuf89792/rss/board?board.id=microsoftintuneblog",true
"Microsoft Learn","Communities","https://techcommunity.microsoft.com/t5/s/gxcuf89792/rss/board?board.id=MicrosoftLearnBlog",true
"Microsoft MVP Program","Communities","https://techcommunity.microsoft.com/t5/s/gxcuf89792/rss/board?board.id=mvp-blog",true
"Microsoft Mechanics","Architecture","https://techcommunity.microsoft.com/t5/s/gxcuf89792/rss/board?board.id=MicrosoftMechanicsBlog",true
"Microsoft Mission Critical","Architecture","https://techcommunity.microsoft.com/t5/s/gxcuf89792/rss/board?board.id=MicrosoftMissionCriticalBlog",true
"Microsoft One Drive","Productivity","https://techcommunity.microsoft.com/t5/s/gxcuf89792/rss/board?board.id=OneDriveBlog",true
"Microsoft Security Baselines","Security","https://techcommunity.microsoft.com/t5/s/gxcuf89792/rss/board?board.id=Microsoft-Security-Baselines",true
"Microsoft Security Copilot","Copilot","https://techcommunity.microsoft.com/t5/s/gxcuf89792/rss/board?board.id=SecurityCopilotBlog",true
"Microsoft Security Experts","Security","https://techcommunity.microsoft.com/t5/s/gxcuf89792/rss/board?board.id=MicrosoftSecurityExperts",true
"Microsoft Sentinel","Security","https://techcommunity.microsoft.com/t5/s/gxcuf89792/rss/board?board.id=MicrosoftSentinelBlog",true
"Microsoft SharePoint","Others","https://techcommunity.microsoft.com/t5/s/gxcuf89792/rss/board?board.id=SPBlog",true
"Microsoft Teams","Productivity","https://techcommunity.microsoft.com/t5/s/gxcuf89792/rss/board?board.id=MicrosoftTeamsBlog",true
"Microsoft Teams (free)","Productivity","https://techcommunity.microsoft.com/t5/s/gxcuf89792/rss/board?board.id=TeamsFreeBlog",true
"Microsoft Teams Community","Productivity","https://techcommunity.microsoft.com/t5/s/gxcuf89792/rss/board?board.id=MicrosoftTeamsCommunityBlog",true
"Microsoft Teams Support","Productivity","https://techcommunity.microsoft.com/t5/s/gxcuf89792/rss/board?board.id=MicrosoftTeamsSupport",true
"Microsoft USB","Others","https://techcommunity.microsoft.com/t5/s/gxcuf89792/rss/board?board.id=MicrosoftUSBBlog",true
"Microsoft Viva","Collaboration","https://techcommunity.microsoft.com/t5/s/gxcuf89792/rss/board?board.id=MicrosoftVivaBlog",true
"Mixed reality link","AI","https://techcommunity.microsoft.com/t5/s/gxcuf89792/rss/board?board.id=mixed-reality-link",true
"Modern Work App Consult","PaaS","https://techcommunity.microsoft.com/t5/s/gxcuf89792/rss/board?board.id=ModernWorkAppConsult",true
"Modernization Best Practices","PaaS","https://techcommunity.microsoft.com/t5/s/gxcuf89792/rss/board?board.id=ModernizationBestPracticesBlog",true
"Networking","Networking","https://techcommunity.microsoft.com/t5/s/gxcuf89792/rss/board?board.id=NetworkingBlog",true
"Non profit Techies","Communities","https://techcommunity.microsoft.com/t5/s/gxcuf89792/rss/board?board.id=NonprofitTechies",true
"Office 365 Business Apps","Microsoft 365","https://techcommunity.microsoft.com/t5/s/gxcuf89792/rss/board?board.id=Office365BusinessAppsBlog",true
"Office End Of Support","Productivity","https://techcommunity.microsoft.com/t5/s/gxcuf89792/rss/board?board.id=OfficeEOS",true
"Oracle on Azure","Database","https://techcommunity.microsoft.com/t5/s/gxcuf89792/rss/board?board.id=OracleonAzureBlog",true
"Outlook","Outlook","https://techcommunity.microsoft.com/t5/s/gxcuf89792/rss/board?board.id=Outlook",true
"Partner Marketing as a Service","Partners","https://techcommunity.microsoft.com/t5/s/gxcuf89792/rss/board?board.id=PartnerMarketingasaServiceblog-board",true
"Partner News","Partners","https://techcommunity.microsoft.com/t5/s/gxcuf89792/rss/board?board.id=PartnerNews",true
"Planner","Productivity","https://techcommunity.microsoft.com/t5/s/gxcuf89792/rss/board?board.id=PlannerBlog",true
"Project","Productivity","https://techcommunity.microsoft.com/t5/s/gxcuf89792/rss/board?board.id=ProjectBlog",true
"Project Support","Productivity","https://techcommunity.microsoft.com/t5/s/gxcuf89792/rss/board?board.id=ProjectSupport",true
"Public Sector","Communities","https://techcommunity.microsoft.com/t5/s/gxcuf89792/rss/board?board.id=PublicSectorBlog",true
"SAP Applications","SAP","https://techcommunity.microsoft.com/t5/s/gxcuf89792/rss/board?board.id=SAPApplications",true
"SQL Server","Database","https://techcommunity.microsoft.com/t5/s/gxcuf89792/rss/board?board.id=SQLServer",true
"SQLServer Support","Database","https://techcommunity.microsoft.com/t5/s/gxcuf89792/rss/board?board.id=SQLServerSupport",true
"SSIS","Database","https://techcommunity.microsoft.com/t5/s/gxcuf89792/rss/board?board.id=SSIS",true
"Share Point Embedded","Productivity","https://techcommunity.microsoft.com/t5/s/gxcuf89792/rss/board?board.id=SharePoint_Embedded",true
"Share Point Premium","Productivity","https://techcommunity.microsoft.com/t5/s/gxcuf89792/rss/board?board.id=SharePoint_Premium_Blog",true
"Skype for Business","Productivity","https://techcommunity.microsoft.com/t5/s/gxcuf89792/rss/board?board.id=Skype_for_Business_Blog",true
"Small Basic","Others","https://techcommunity.microsoft.com/t5/s/gxcuf89792/rss/board?board.id=SmallBasic",true
"Small and Medium Business","Microsoft 365","https://techcommunity.microsoft.com/t5/s/gxcuf89792/rss/board?board.id=Microsoft365BusinessBlog",true
"Startups at Microsoft","Architecture","https://techcommunity.microsoft.com/t5/s/gxcuf89792/rss/board?board.id=StartupsatMicrosoftBlog",true
"Stream","Productivity","https://techcommunity.microsoft.com/t5/s/gxcuf89792/rss/board?board.id=StreamBlog",true
"Student Developer","Development","https://techcommunity.microsoft.com/t5/s/gxcuf89792/rss/board?board.id=StudentDeveloperBlog",true
"Surface IT Pro","Hardware","https://techcommunity.microsoft.com/t5/s/gxcuf89792/rss/board?board.id=SurfaceITPro",true
"Sysinternals","SysInternal","https://techcommunity.microsoft.com/t5/s/gxcuf89792/rss/board?board.id=Sysinternals-Blog",true
"System Center","Endpoints","https://techcommunity.microsoft.com/t5/s/gxcuf89792/rss/board?board.id=SystemCenterBlog",true
"The Mixed Reality","AI","https://techcommunity.microsoft.com/t5/s/gxcuf89792/rss/board?board.id=TheMixedRealityBlog",true
"Viva Amplify","Collaboration","https://techcommunity.microsoft.com/t5/s/gxcuf89792/rss/board?board.id=Viva_Amplify_Blog",true
"Viva Connections","Collaboration","https://techcommunity.microsoft.com/t5/s/gxcuf89792/rss/board?board.id=Viva_Connections_Blog",true
"Viva Engage","Collaboration","https://techcommunity.microsoft.com/t5/s/gxcuf89792/rss/board?board.id=Viva_Engage_Blog",true
"Viva Glint","Collaboration","https://techcommunity.microsoft.com/t5/s/gxcuf89792/rss/board?board.id=Viva_Glint_Blog",true
"Viva Glint Partnersblog board","Collaboration","https://techcommunity.microsoft.com/t5/s/gxcuf89792/rss/board?board.id=Viva_Glint_Partnersblog-board",true
"Viva Insights","Collaboration","https://techcommunity.microsoft.com/t5/s/gxcuf89792/rss/board?board.id=Viva_Insights_Blog",true
"Viva Learning","Collaboration","https://techcommunity.microsoft.com/t5/s/gxcuf89792/rss/board?board.id=Viva_Learning_Blog",true
"Viva Pulse","Collaboration","https://techcommunity.microsoft.com/t5/s/gxcuf89792/rss/board?board.id=VivaPulse-Blog",true
"Viva Sales","Collaboration","https://techcommunity.microsoft.com/t5/s/gxcuf89792/rss/board?board.id=VivaSales-Blog",true
"Vulnerability Management","Security","https://techcommunity.microsoft.com/t5/s/gxcuf89792/rss/board?board.id=Vulnerability-Management",true
"Weekly Roundup","Others","https://techcommunity.microsoft.com/t5/s/gxcuf89792/rss/board?board.id=WeeklyRoundupBlog",true
"Windows Admin Center","Windows","https://techcommunity.microsoft.com/t5/s/gxcuf89792/rss/board?board.id=Windows-Admin-Center-Blog",true
"Windows Driver Dev","Windows","https://techcommunity.microsoft.com/t5/s/gxcuf89792/rss/board?board.id=WindowsDriverDev",true
"Windows Hardware Certification","Windows","https://techcommunity.microsoft.com/t5/s/gxcuf89792/rss/board?board.id=WindowsHardwareCertification",true
"Windows IT Pro","Windows","https://techcommunity.microsoft.com/t5/s/gxcuf89792/rss/board?board.id=Windows-ITPro-blog",true
"microsoft security","Security","https://techcommunity.microsoft.com/t5/s/gxcuf89792/rss/board?board.id=microsoft-security-blog",true