title,url,description,category,rating,isHighlighted
"Azure Policy Aliases (mats.codes)","https://policyalias.mats.codes","","Policies",5,true
"AzAdvertizer","https://www.azadvertizer.net","","Policies",1,false
"AzGovViz","https://github.com/Azure/AzGovViz","","Governance",5,true
"Continuous Cloud Optimization (CCO)","https://github.com/Azure/CCOInsights","","Governance",5,true
"AzureSecurityCenterInventory","https://github.com/Azure/AzureSecurityCenterInventory","","Security",1,false
"Azure Resource Inventory (ARI)","https://github.com/azureinventory/AzureResourceInventory","","Governance",1,false
"New (diagrams.net) diagram","https://powershell.today/2020/06/12/new-diagrams-net-diagram-powershell-module/","","Stencils and icons",1,false
"Azure Raci toolkit","https://github.com/Azure/Enterprise-Scale/blob/main/tools/raci-toolkit/README.md","","Governance",1,false
"Azure Naming Tool","https://github.com/mspnp/AzureNamingTool","","Governance",1,false
"Azure Periodic Table of Resource Naming Convention","https://www.azureperiodictable.com","","Governance",1,false
"The perfect Azure naming convention","https://www.devjev.nl/2020/04/01/the-perfect-azure-naming-convention/","","Governance",1,false
"remove Unauthorized Role Assignments","https://github.com/azsk/DevOpsKit-docs/blob/master/09-Security-Incident-Response/RemoveUnauthorizedRoleAssignments.md","","RBAC",1,false
"KQL - threat hunting hub","https://github.com/Azure/Azure-Sentinel/tree/master/Detections","","KQL",1,false
"Microsoft Kusto Detective Agency Contest","https://detective.kusto.io","","KQL",1,false
"Azure Geographies and regions","https://azure.microsoft.com","","BCDR",1,false
"Azure Business Continuity Guide","https://github.com/Azure/Business-Continuity","","BCDR",1,false
"Azure Info Hub","https://azureinfohub.azurewebsites.net","","Infos",1,false
"Azure Weekly","https://azureweekly.info","","Infos",1,false
"AzureFeeds","https://azurefeeds.com","","Infos",1,false
"Microsoft Blogs by products","https://techcommunity.microsoft.com","","Infos",1,false
"Securing Azure Lighthouse with Azure Policy and PIM","https://securecloud.blog/2020/06/15/securing-azure-lighthouse-with-azure-policy-and-pim/","","Policies",1,false
"Azure Mask (repo)","https://github.com/MicrosoftEdge/MSEdgeDevToolsExtension","","Tools",1,false
"AZ-Mask (Chrome Web Store)","https://chromewebstore.google.com/detail/az-mask/amobeamdmdnloajcaiomgegpakjdiacm","","Tools",1,false
"Raspberry Simulator for IOT Hub","https://learn.microsoft.com/azure/iot-hub/tutorial-raspberry-pi-simulated-device","","IoT",1,false
"sqlflow","https://sqlflow.gudusoft.com","","SQL",1,false
"Nuage de mots","https://nuagedemots.co","","Tools",1,false
"Wiki Tech","https://wiki-tech.io","","Misc",1,false
"Code Error (MS Login)","https://login.microsoftonline.com","","Misc",1,false
"quickref cheatsheets and quick references","https://quickref.me","","Misc",1,false
"Cheatography","https://cheatography.com","","Security",1,false
"Azure serverless community library","https://www.serverlesslibrary.net","","Misc",1,false
"GUID generator","https://guidgenerator.com","","Tools",1,false
"Quoootes","https://quoootes.com","","Quotes",1,false
"Migration Execution Guide","https://github.com/Azure/MigrationPlaybook","","Migration",1,false
"Network-segmentation-cheat-sheet","https://github.com/OWASP/CheatSheetSeries/blob/master/cheatsheets/Network_Segmentation_Cheat_Sheet.md","","Network",1,false
"Azure IP ranges (official)","https://www.microsoft.com/en-us/download/confirmation.aspx?id=56519","","Network",5,true
"trippy.rs (Network Diag Tool)","https://trippy.rs","","Network",1,false
"azure-policy-as-code (globalbao)","https://github.com/globalbao/azure-policy-as-code","","Policies",1,false
"Azure Preview portal","https://preview.portal.azure.com","","Portals",1,true
"Azure RC portal","https://rc.portal.azure.com","","Portals",1,true
"Microsoft portals","https://www.nuno-silva.net","","Portals",1,true
"Microsoft portals 2","https://www.moderndeployment.com","","Portals",1,true
"Azure portals 3","https://cmd.ms","","Portals",1,true
"Microsoft Administrator Portals","https://msportals.io","","Portals",1,true
"MyApps","https://myapps.microsoft.com","","Governance",1,false
"Azure Cloud Shell Web","https://shell.azure.com","","Misc",1,false
"Iterate over a hashtable in PowerShell","https://arcanecode.com/2018/03/07/iterate-over-a-hashtable-in-powershell/","","Powershell",1,false
"Gain insights into your Azure role assignments on subscription level","https://codewithme.cloud/2023/11/23/role-assignments-azure","","RBAC",1,false
"Azure NVA Redundancy Part I","https://nwktimes.blogspot.com/2020/03/azure-nva-redundancy-part-i.html","","Network",1,false
"Connect Azure with On-Prem Network Part 1","https://anktsrkr.github.io/posts/connect-azure-with-on-prem-network-part-1/","","Network",1,false
"Direct On-Prem Access to Azure Private VMSS via ILB","https://medium.com/@fieldengineer/enabling-direct-on-prem-site-access-to-azure-private-vmss-resources-via-internal-load-balancer-4a3b1b3b0a76","","Network",1,false
"Azure Charts","https://azurecharts.com","","Governance",1,true
"Azure Periodic table","https://azureperiodic.data3.com","","Infos",1,false
"Azure Services io","https://azureservices.io","","Governance",1,false
"Azure Deprecation DashBoard","https://github.com/Azure/azure-deprecation","","Infos",1,false
"Azure Status","https://status.azure.com","","Infos",1,true
"New Azure Status","https://azure.status.microsoft","","Infos",5,true
"Azure Infrastructure Map","https://infrastructuremap.microsoft.com","","Architecture",1,false
"AzSpeedTest PowerShell","https://github.com/Azure/azurespeedtest","","Latency",1,false
"SLA Calculator","https://uptime.is","","BCDR",1,false
"Official Microsoft Azure Cloud and AI Symbol / Icon Set","https://www.microsoft.com","","Stencils and icons",5,true
"sandroasp Icon Set","https://github.com/sandroasp/Microsoft-Integration-and-Azure-Stencils-Pack-for-Visio","","Stencils and icons",5,true
"Azure Docs collection","https://code.benco.io","","Stencils and icons",5,true
"ContentCollateral","https://github.com/microsoft/ContentCollateral","","Misc",1,false
"Azure Icons Libraries for Diagrams.net (Draw.io)","https://pacodelacruz.io/projects/azure-icons-drawio/","","Stencils and icons",1,false
"Diagram as code","https://irom.info","","Stencils and icons",1,false
"Azure Design Studio","https://github.com/azure/az-design","","Misc",1,false
"Draw.io Azure infrastructure diagrams","https://techcommunity.microsoft.com/t5/azure-architecture-blog/draw-io-azure-infrastructure-diagrams/ba-p/1804471","","Stencils and icons",1,false
"Azure feedback","https://feedback.azure.com","","Governance",1,false
"Taggable resources","https://github.com/Azure/azure-rest-api-specs/blob/main/specification/resources/resource-manager/Microsoft.Resources/stable/2022-09-01/resources.json","","Tags",1,false
"How to tag your resources on AWS / GCP / Azure","https://lota.cloud/blog/how-to-tag-your-resources-on-aws-gcp-azure/","","Tags",1,false
"terraform-azurerm-caf-enterprise-scale","https://github.com/Azure/terraform-azurerm-caf-enterprise-scale","","Terraform",1,false
"caf-terraform-landingzones","https://github.com/aztfmods/caf-terraform-landingzones","","Terraform",1,false
"Terraform from 0 to hero (Flavius Dinu)","https://techblog.flaviusdinu.com","","Terraform",1,false
"azure-network-terraform","https://github.com/Azure/azure-network-terraform","","Terraform",1,false
"Infracost","https://www.infracost.io","","Terraform",1,false
"Johan Vanneuville","https://github.com/johvanneuville","","Misc",1,false
"Terraform and Azure DevOps pipelines","https://build5nines.com/terraform-and-azure-devops-pipelines/","","Terraform",1,false
"Terraform labs","https://github.com/Azure/terraform","","Terraform",1,false
"How to run PowerShell scripts on Azure VMs with Terraform","https://techcommunity.microsoft.com/t5/core-infrastructure-and-security/how-to-run-powershell-scripts-on-azure-vms-with-terraform/ba-p/4126695","","Terraform",1,false
"Deploying terraform-azure-vnet-hub-spoke","https://www.jorgebernhardt.com","","Terraform",1,false
"azurefirewall-hub-spoke-demo","https://github.com/abhirockzz/azurefirewall-hub-spoke-demo","","Network",1,false
"Firewall As Code","https://gitlab.com/ironmansoftware/firewall-as-code","","Network",1,false
"Azure VM sizes","https://learn.microsoft.com/en-us/azure/virtual-machines/sizes","","Governance",1,false
"Start / Stop VMs 1","https://automys.com/library/utility-scripts/azure/startstop","","VMs",1,false
"Start / Stop VMs 2","https://github.com/azureautomation/runbooks","","VMs",1,false
"Azure VM Pricing Comparison (2024)","https://turbo360.com/blog/azure-vm-pricing-comparison-2024","","VMs",1,false
"Virtual machines selector","https://azure.microsoft.com/services/virtual-machines/selector","","VMs",1,false
"Automanage Machine Configuration","https://github.com/Azure/azure-policy/tree/master/samples/Automanage","","VMs",1,false
"vmssdashboard","https://github.com/Azure/vmssdashboard","","VMs",1,false
"asciivmssdashboard","https://github.com/Azure/asciivmssdashboard","","VMs",1,false
"Whirl CSS","https://whirl.netlify.app","","Web",1,false
"Interconnexion de Microsoft Azure (YouTube)","https://www.youtube.com/watch?v=","","Network",1,false
"100% Automated Wiki Deployment with Terraform","https://blog.devops.dev/100-automated-wiki-deployment-with-terraform-ckuq4a3w50141lfs1gkxw4qpr","","Misc",1,false
"100% Managed Wiki Deployment","https://medium.com/@yourandlee/100-managed-wiki-deployment-7e7c9b2b2edc","","Misc",1,false
"Emoji Cheat Sheet","https://www.webfx.com/tools/emoji-cheat-sheet/","","Stencils and icons",1,false
"Dronestock","https://dronestock.com","","Photos",1,false
"Pexels","https://www.pexels.com","","Photos",1,false
"Pixabay","https://pixabay.com","","Photos",1,false
"EcoLogits","https://ecologits.ai/latest/","","Sustainability",3,true
"Google Trends","https://trends.google.fr/trends/","","SEO",0,false
"Site-Shot","https://www.site-shot.com/","","Tools",0,true
"21st.dev","https://21st.dev/","","Misc",0,false
"Sam Cogan","https://samcogan.com/","","Misc",0,false
"Service Health Status","https://status.cloud.microsoft/","","Infos",5,true
"quotescover.com","https://quotescover.com/tools/online-quotes-maker","","Quotes",0,false
"quofast.com","https://quofast.com/quote-maker/","","Quotes",0,false
"quotemaker.in","https://www.quotemaker.in/online-quote-creator/","","Quotes",0,false
"pixkreator.com","https://pixkreator.com/app/","","Quotes",0,false
"fotor.com","https://www.fotor.com/design","","Quotes",0,false
"wpsmartsolutions.com","https://wpsmartsolutions.com/quote-maker/","","Quotes",0,false
"highclap.com","https://www.highclap.com/free-online-quote-maker/","","Quotes",0,false
"Google Opal","https://opal.google/landing/","","AI",5,false
"Security checks","https://www.malwarearchaeology.com/cheat-sheets/","","Security",0,false
"MFA demo site","https://woodgroveemployee.azurewebsites.net/landing","","Security",0,false
"Nuclei CLI - Open Source vulnerability scanner","https://github.com/projectdiscovery/nuclei","","Security",0,false
"Microsoft Cybersecurity Reference Architectures","https://learn.microsoft.com/en-us/security/adoption/mcra","","Security",0,true
"Azurcar","https://github.com/nccgroup/azucar","","Security",0,false
"ScoutSuite","https://github.com/nccgroup/ScoutSuite","","Security",0,false
"DevOpsKit","https://github.com/azsk/DevOpsKit-docs","","Security",0,false
"SkyArk","https://github.com/cyberark/SkyArk","","Security",0,false
"MicroBurst: A PowerShell Toolkit for Attacking Azure","https://github.com/NetSPI/MicroBurst","","Security",0,false
"Stormspotter","https://github.com/Azure/Stormspotter","","Security",0,false
"Cloud Katana","https://github.com/Azure/Cloud-Katana","","Security",0,false
"Microsoft Azure Security Control Mappings to MITRE ATT&CK","https://center-for-threat-informed-defense.github.io/security-stack-mappings/Azure/README.html","","Security",0,true
"AzureHunter","https://github.com/darkquasar/AzureHunter","","Security",0,true
"Microsoft CVE","https://msrc.microsoft.com/update-guide/vulnerability","","Security",0,true
"Azure Review Checklists","https://github.com/Azure/review-checklists","","Security",0,false
"CloudSploit","https://github.com/aquasecurity/cloud-security-remediation-guides","","Security",0,false
"cloud-security-vulnerabilities","https://github.com/hashishrajan/cloud-security-vulnerabilities","","Security",0,false
"Cybersecurity-jobs-skills-workshop","https://github.com/microsoft/Cybersecurity-jobs-skills-workshop","","Security",0,false
"HackTricks","https://book.hacktricks.wiki/en/index.html","","Security",0,false
"automatic-secrets-rotation","https://github.com/Thialala/automatic-secrets-rotation","","Security",0,false
"Depixelization_poc","https://github.com/spipm/Depixelization_poc","","Security",0,false
"Snoop","https://github.com/snooppr/snoop/blob/master/README.fr.md","","Security",0,false
"Get Azure bearer token","https://resources.azure.com/api/token?plaintext=true","","Security",0,false
"web-check","https://github.com/Lissy93/web-check","","Security",0,false
"root-me.","https://www.root-me.org/","","Security",0,false
"GraphRunner","https://github.com/dafthack/GraphRunner","","Security",0,false
"Public buckets","https://buckets.grayhatwarfare.com/","","Security",0,false
"Azure Silhouette","https://github.com/labyrinthinesecurity/silhouette","","Security",0,false
"web-check","https://web-check.xyz/","","Security",0,false
"edr-telemetry","https://www.edr-telemetry.com/","","Security",0,false
"CISO Assistant","https://github.com/intuitem/ciso-assistant-community","","Security",0,false
"Maester","https://maester.dev/","","Security",0,false
"azure-networking","https://github.com/nehalineogi/azure-networking/tree/main","","Network",5,true
"Copilot Developer Camp","https://microsoft.github.io/copilot-camp/","","Copilot",0,false
"Azure DevOps Labs","https://www.azuredevopslabs.com/","","DevOps",0,false
"Azure Network latency","https://latency.azure.cloud63.fr/","","Latency",5,true
"Azure Speed","https://www.azurespeed.com/Azure/Latency","","Latency",5,true
"Azure Region Span","https://regionspan.azure.cloud63.fr/","","Latency",5,true
"thispersondoesnotexist","https://thispersondoesnotexist.com/","","AI",5,true
"brouteurs","https://brouteurs.krbk.dev/","","AI",0,false
"Fake Name Generator","https://www.fakenamegenerator.com/","","AI",0,false
"SUNO AI","https://suno.com/home","","AI",0,false
"Azure hacking","https://azurehacking.com/index.html","","Security",0,false
"quotemaker.app","https://quotemaker.app","","Quotes",0,false
"quotestudio.in","https://quotestudio.in/custome_quote","","Quotes",0,false
"gbordier","https://github.com/gbordier/gbordier.github.io/blob/main/PRIVATE_SERVICE_ENDPOINT.md","","Network",0,false
"Mandatory security rules & routes required for Azure SQL Managed Instance in Bicep","https://gist.github.com/riosengineer/3cbb4bf725030d0ee54f3944a35427d8","","Network",0,false
"quickquotemaker.com","https://quickquotemaker.com","","Quotes",5,true
"https://network-cheatsheet.azure.cloud63.fr","https://network-cheatsheet.azure.cloud63.fr","","Network",5,true
"https://azurefeed.news","https://azurefeed.news/","","Infos",5,true
"CoreInfra","https://github.com/MeriemAyari/CoreInfra-public","","Cloud Services",5,true
"nooblogaurus.online","https://nooblogaurus.online/","","Security",0,false
"collective.work","https://www.collective.work/","","Jobs",0,false
"netbobr.com","https://netbobr.com/","Firewall Request Risk Analyzer","Security",5,true
"Azure Talk Blog","https://blog.zuehlke.cloud/","","New",0,false
"Free Ebooks and whitepapers","https://azure.microsoft.com/en-us/resources/whitepapers/search/?type=WhitePaperResource","","Architecture",0,false
"Azure services limits","https://docs.microsoft.com/en-us/azure/azure-resource-manager/management/azure-subscription-service-limits","","Architecture",0,false
"Cloud Adoption Framework CAF","https://learn.microsoft.com/en-us/azure/cloud-adoption-framework/","","Architecture",0,false
"Well Architected Framework WAF","https://learn.microsoft.com/en-us/azure/architecture/framework/","","Architecture",0,false
"https://social.technet.microsoft.com/wiki/contents/articles/630.microsoft-azure-survival-guide.aspx","https://social.technet.microsoft.com/wiki/contents/articles/630.microsoft-azure-survival-guide.aspx","","Architecture",0,false
"https://social.technet.microsoft.com/wiki/contents/articles/33800.azure-iaas-v2-arm-design-series-azure-subscriptions.aspx","https://social.technet.microsoft.com/wiki/contents/articles/33800.azure-iaas-v2-arm-design-series-azure-subscriptions.aspx","","Architecture",0,false
"Azure offers details","https://azure.microsoft.com/en-us/support/legal/offer-details/","","Architecture",0,false
"https://docs.microsoft.com/en-us/azure/cloud-adoption-framework/decision-guides/subscriptions/","https://docs.microsoft.com/en-us/azure/cloud-adoption-framework/decision-guides/subscriptions/","","Architecture",0,false
"https://docs.microsoft.com/en-us/azure/role-based-access-control/built-in-roles","https://docs.microsoft.com/en-us/azure/role-based-access-control/built-in-roles","","Architecture",0,false
"Azure Reference Architectures","https://docs.microsoft.com/en-us/azure/architecture/browse/","","Architecture",0,false
"Cloud adoption antipatterns","https://docs.microsoft.com/en-us/azure/cloud-adoption-framework/antipatterns/antipatterns-to-avoid","","Architecture",0,false
"Azure supported workloads","https://docs.microsoft.com/en-US/troubleshoot/azure/virtual-machines/server-software-support","","Architecture",0,false
"Microsoft Assessments and review","https://docs.microsoft.com/en-us/assessments/?mode=home","","Architecture",0,false
"Docs Update Tracker","https://docsupdatetracker.net/","","Doc tracker",5,true
"Landing Zone mission-critical","https://learn.microsoft.com/en-us/azure/architecture/reference-architectures/containers/aks-mission-critical/mission-critical-landing-zone","","Architecture",0,false
"Azure Quick Review","https://github.com/Azure/azqr","","Architecture",0,false
"Azure Sandbox","https://learn.microsoft.com/en-us/azure/architecture/guide/azure-sandbox/azure-sandbox","","Architecture",0,false
"Azure Dev Center","https://github.com/Azure-Samples/DevCenter","","Architecture",0,false
"CAF Additional resources","https://learn.microsoft.com/en-us/azure/cloud-adoption-framework/ready/azure-setup-guide/staying-current?tabs=AdditionalResources#tabpanel_1_AdditionalResources","","Architecture",0,false
"Cloud Adoption Framework Tools and Templates","https://learn.microsoft.com/en-us/azure/cloud-adoption-framework/resources/tools-templates","","Architecture",0,false
"MOAW","https://microsoft.github.io/moaw/","","Architecture",0,false
"Azure Landing Zone catalog","https://github.com/oliverlabs/alz-catalogue","","Architecture",0,false
"https://azureanimations.github.io/","https://azureanimations.github.io/","","Architecture",5,true
"Azure Quickstart Templates","https://azure.microsoft.com/en-us/resources/templates/","","ARM",0,false
"ARMViz","http://armviz.io/","","ARM",0,false
"Azure resource explorer","https://resources.azure.com/","","ARM",0,false
"Rest API Browser","https://docs.microsoft.com/en-us/rest/api/?view=Azure","","ARM",0,false
"Log Analytics Query Portal","https://portal.loganalytics.io/demo#/query/main","","Analytics and monitoring",0,false
"Kusto explorer","https://docs.microsoft.com/en-us/azure/data-explorer/kusto/tools/kusto-explorer","","Analytics and monitoring",0,false
"Monitoring Azure by using Grafana dashboards","https://devblogs.microsoft.com/devops/monitoring-azure-by-using-grafana-dashboards/","","Analytics and monitoring",0,false
"Azure Monitor Community","https://github.com/microsoft/AzureMonitorCommunity","","Analytics and monitoring",0,false
"Log Analytics cost","https://trstringer.com/log-analytics-expensive-part-1-discovery/","","Analytics and monitoring",0,false
"azure-monitoring-certificates","https://blog.smartcloudarchitect.fr/azure-monitoring-certificates","","Analytics and monitoring",0,false
"Azure Monitor Logs table reference","https://learn.microsoft.com/en-us/azure/azure-monitor/reference/tables/tables-category","","Analytics and monitoring",0,false
"AMBA","https://techcommunity.microsoft.com/t5/azure-governance-and-management/azure-monitor-baseline-alerts-amba-for-azure-landing-zone-alz-is/ba-p/3936951","","Analytics and monitoring",0,false
"Tenant availability check 1","https://account.azure.com/organization","","Entra Id",0,false
"Tenant availability check 2","https://o365.rocks/","","Entra Id",0,false
"https://gettenantpartitionweb.azurewebsites.net/","https://gettenantpartitionweb.azurewebsites.net/","","Entra Id",0,false
"Interactive authentication","https://microsoft.com/devicelogin/","","Entra Id",0,false
"Azure Active Directory admin center","http://aad.portal.azure.com/","","Entra Id",0,false
"Azure AD Exporter","https://github.com/microsoft/azureadexporter/","","Entra Id",0,false
"Azure AD Big Picture","https://raw.githubusercontent.com/msandbu/azuread/main/AzureAD%20Big%20picture.jpg","","Entra Id",0,false
"Microsoft Graph Changelog","https://developer.microsoft.com/en-us/graph/changelog/?search=","","Entra Id",0,false
"Azure AD Security Config Analyzer (AADSCA)","https://github.com/Cloud-Architekt/AzureAD-Attack-Defense/blob/main/AADSecurityConfigAnalyzer.md","","Entra Id",0,false
"Azure-AccessPermissions","https://github.com/csandker/Azure-AccessPermissions","","Entra Id",0,false
"Decode, verify and generate Token","https://jwt.io/","","Entra Id",0,false
"AAD Osint tool","https://aadinternals.com/osint/","","Entra Id",0,false
"https://myaccount.microsoft.com/groups/groups-i-belong-to","https://myaccount.microsoft.com/groups/groups-i-belong-to","","Entra Id",0,false
"https://cyberchef.org/","https://cyberchef.org/","","Entra Id",0,false
"https://graphpermissions.merill.net/permission/","https://graphpermissions.merill.net/permission/","","Entra Id",0,false
"Bicep from 0 to hero","https://github.com/rchaganti/bicepbookexamples","","Bicep",0,false
"Convert ARM to Bicep online","https://bicep.kwitantie.app/","","Bicep",0,false
"Bicep playground","https://azure.github.io/bicep/","","Bicep",0,false
"Official certifications training poster","https://aka.ms/TrainCertPoster","","Certifications",5,true
"Browse Certifications by roles","https://learn.microsoft.com/en-us/certifications/","","Certifications",0,false
"Microsoft Learn","https://docs.microsoft.com/en-us/learn/","","Certifications",0,false
"Exam Sandbox","https://aka.ms/examdemo","","Certifications",0,false
"Microsoft learn community","https://techcommunity.microsoft.com/t5/microsoft-learn/ct-p/MicrosoftLearn","","Certifications",0,false
"Practice Assessments for Microsoft Certifications","https://learn.microsoft.com/en-us/certifications/practice-assessments-for-microsoft-certifications","","Certifications",0,false
"Practice Assessments for Microsoft Certifications 2","https://techcommunity.microsoft.com/t5/microsoft-learn-blog/prep-for-certification-exams-with-free-practice-assessments-on/ba-p/3666866","","Certifications",0,false
"Azure Open Source Labs","https://learn.microsoft.com/en-us/samples/azure-samples/azure-opensource-labs/azure-opensource-labs/","","Certifications",0,false
"Public Cloud Services Comparison","https://comparecloud.in/","","Cloud Services Comparison",0,false
"Compare AWS and Azure services to Google Cloud","https://cloud.google.com/free/docs/aws-azure-gcp-service-comparison","","Cloud Services Comparison",0,false
"Compare Azure and AWS services","https://docs.microsoft.com/en-us/azure/architecture/aws-professional/services","","Cloud Services Comparison",0,false
"Azure MarketPlace","https://azuremarketplace.microsoft.com/en-us/","","Cloud Services Comparison",0,false
"Microsoft compliance offerings","https://docs.microsoft.com/en-us/compliance/regulatory/offering-home?view=o365-worldwide","","Compliance",0,false
"Microsoft Privacy Statement","https://privacy.microsoft.com/en-us/privacystatement","","Compliance",0,false
"Microsoft trust center","https://www.microsoft.com/en-us/trust-center","","Compliance",0,false
"Service trust portal","https://servicetrust.microsoft.com/","","Compliance",0,false
"Compliance Manager portal","https://servicetrust.microsoft.com/ComplianceManager/V3#","","Compliance",0,false
"Private DNS Resolver","https://blog.teknews.cloud/network/2024/10/27/Back_tobasics_About_Private_DNS_Resolver.html","","DNS",0,false
"Azure Data Explorer","https://dataexplorer.azure.com/","","Data",0,false
"Azure Orphan Resources workbook","https://techcommunity.microsoft.com/t5/fasttrack-for-azure/azure-orphan-resources/ba-p/3492198","","DashBoards",0,false
"Network Security Dashboard for Microsoft Defender for Cloud","https://github.com/Azure/Microsoft-Defender-for-Cloud/tree/main/Workbooks/Network%20Security%20Dashboard","","DashBoards",0,false
"CCO GitHub Contributions Dashboard","https://github.com/Azure/CCOInsights#cco-github-contributions-dashboard","","DashBoards",0,false
"CCO ADO Contributions Dashboard","https://github.com/Azure/CCOInsights#cco-ado-contributions-dashboard","","DashBoards",0,false
"Azure Hybrid Benefit Workbook","https://github.com/arthurclares/AzureHybridBenefitWorkbook","","DashBoards",0,false
"AKS Security Workbook","https://techcommunity.microsoft.com/t5/microsoft-sentinel-blog/new-azure-kubernetes-service-aks-security-workbook/ba-p/1867134","","DashBoards",0,false
"Azure Hybrid Benefits Workbook","https://techcommunity.microsoft.com/t5/healthcare-and-life-sciences/tracking-azure-hybrid-benefit-using-azure-workbooks/ba-p/3798857","","DashBoards",0,false
"Azure Saving Plans Dashboard","https://techcommunity.microsoft.com/t5/core-infrastructure-and-security/azure-savings-dashboard/ba-p/3816131","","DashBoards",0,false
"Azure Cost Management Dashboard","https://github.com/sairashaik6677/azure-costmanagement-dashboard","","DashBoards",0,false
"Cloud Roles and Operations Management DashBoard","https://github.com/Azure/cloud-rolesandops","","DashBoards",0,false
"Azure Service Retirement Workbook","https://learn.microsoft.com/en-us/azure/advisor/advisor-how-to-plan-migration-workloads-service-retirement","","DashBoards",0,false
"Azure Inventory Workbook","https://github.com/scautomation/Azure-Inventory-Workbook","","DashBoards",0,false
"https://github.com/4R9UN/Cloud-Events/tree/main","https://github.com/4R9UN/Cloud-Events/tree/main","","DashBoards",0,false
"Learn git branching","https://learngitbranching.js.org/","","DevOps",0,false
"Azure DevOps Labs","https://azuredevopslabs.com/","","DevOps",0,false
"Azure DevOps Demo Generator","https://azuredevopsdemogenerator.azurewebsites.net/","","DevOps",0,false
"Azure DevOps Organization","https://aex.dev.azure.com/","","DevOps",0,false
"Devops Resources","https://github.com/bregman-arie/devops-resources","","DevOps",0,false
"Devops Bookmark","https://www.devopsbookmarks.org/","","DevOps",0,false
"Devops roadmap","https://roadmap.sh/","","DevOps",0,false
"The Microsoft Azure Developer's Cheat Sheet","https://github.com/milanm/azure-cheat-sheet","","DevOps",0,false
"awesome-french-devops","https://github.com/stephrobert/awesome-french-devops/","","DevOps",0,false
"Secret scanning in Azure DevOps","https://johnlokerse.dev/2023/05/24/secret-scanning-in-azure-devops-with-defender-for-devops/","","DevOps",0,false
"CNCF Cloud Native Interactive Landscape","https://landscape.cncf.io/","","DevOps",0,false
"https://www.conventionalcommits.org/","https://www.conventionalcommits.org/","","DevOps",0,false
"devsecops-periodic-table","https://digital.ai/learn/devsecops-periodic-table/","","DevOps",0,false
"Continuous Delivery Landscape","https://landscape.cd.foundation/","","DevOps",0,false
"DevOps Anti-Types","https://web.devopstopologies.com/#anti-types","","DevOps",0,false
"https://rios.engineer/","https://rios.engineer/","","DevOps",0,false
"https://explainshell.com/","https://explainshell.com/","","DevOps",0,false
"Le journalduhacker","https://www.journalduhacker.net/","","DevOps News",0,false
"Human Coders News","https://news.humancoders.com/","","DevOps News",0,false
"Dev.to","https://dev.to/","","DevOps News",0,false
"Developers Events","https://developers.events/","","Events",0,false
"Total Cost of Ownership (TCO) Calculator","https://azure.microsoft.com/en-us/pricing/tco/calculator/","","FinOps",0,false
"Azure Pricing calculator","https://azure.microsoft.com/en-us/pricing/calculator/","","FinOps",0,false
"Strategies to realizing Cost Savings in Azure","https://docs.microsoft.com/fr-fr/archive/blogs/girishp/strategies-to-realizing-cost-savings-in-azure","","FinOps",0,false
"Budget Alert in Teams","https://github.com/Azure/AzureBudgetAlert-in-Teams","","FinOps",0,false
"Azure Optimization Engine (AOE)","https://github.com/helderpinto/AzureOptimizationEngine","","FinOps",0,false
"Microsoft Defender for Cloud Price Estimation Dashboard","https://techcommunity.microsoft.com/t5/microsoft-defender-for-cloud/microsoft-defender-for-cloud-price-estimation-dashboard/ba-p/3247622","","FinOps",0,false
"Cost optimization pillar","https://docs.microsoft.com/en-us/azure/architecture/framework/cost/overview","","FinOps",0,false
"Azure Cost Reporting PBI","https://github.com/chris-bowman/Azure-Cost-Reporting/tree/main/Power%20BI%20Report","","FinOps",0,false
"Project Bose: Cost of an Enterprise by cost centers","https://techcommunity.microsoft.com/t5/azure-architecture-blog/codename-project-bose-calculate-azure-cost-of-an-enterprise-by/ba-p/3741295","","FinOps",0,false
"The Azure FinOps guide","https://techcommunity.microsoft.com/t5/fasttrack-for-azure/the-azure-finops-guide/ba-p/3704132","","FinOps",0,false
"Azure Cost Cli","https://github.com/mivano/azure-cost-cli","","FinOps",0,false
"FinOps whitepaper","https://azure.microsoft.com/en-us/resources/finops-with-azure-bringing-finops-to-life-through-organizational-and-cultural-alignment/","","FinOps",0,false
"What causes Azure costs to increase","https://www.serverless360.com/blog/what-causes-azure-costs-to-increase","","FinOps",0,false
"finops-toolkit v0.1.1","https://github.com/microsoft/finops-toolkit/releases/tag/v0.1.1","","FinOps",0,false
"Optimize Your Azure Costs","https://techcommunity.microsoft.com/t5/core-infrastructure-and-security/optimize-your-azure-costs/ba-p/4064181","","FinOps",0,false
"https://microsoft.github.io/finops-toolkit/","https://microsoft.github.io/finops-toolkit/","","FinOps",0,false
"Apply AHB at Scale","https://techcommunity.microsoft.com/blog/modernizationbestpracticesblog/apply-azure-hybrid-benefits-at-scale-for-azure-sql/3969339","","FinOps",0,false
"Get Azure Cost Estimates in Azure DevOps PR Comments with Bicep","https://rios.engineer/get-azure-cost-estimates-in-azure-devops-pr-comments-with-bicep/","","FinOps",0,false
"Goodtechthings.com","https://www.goodtechthings.com/","","Fun",0,false
"geekprank","https://geekprank.com/","","Fun",5,true
"GitHub emoji cheat sheet","https://github.com/ikatyang/emoji-cheat-sheet/blob/master/README.md","","GitHub",0,false
"Build your own octocat","https://myoctocat.com/build-your-octocat/","","GitHub",5,false
"Bitmoji","https://www.bitmoji.com/stickers/","","Fun",0,false
"All IP ranges used by GitHub Actions runners","https://api.github.com/meta","","GitHub",5,true
"OIDC - Scripting Azure Ready GitHub Repository","https://techwatching.dev/posts/scripting-azure-ready-github-repository","","GitHub",0,false
"Find resource providers by Azure services","https://learn.microsoft.com/en-us/azure/azure-resource-manager/management/azure-services-resource-providers","","Governance",0,false
"AzAdvertizer","https://www.azadvertizer.net/","","Governance",0,false
"Continuous Cloud Optimization (CCO)","https://github.com/Azure/ccodashboard","","Governance",0,false
"AzureSecurityCenterInventory","https://github.com/ASCI","","Governance",0,false
"Azure Resource Inventory (ARI)","https://github.com/microsoft/ARI","","Governance",0,false
"New (diagrams.net) diagram","https://powershell.today/2022/02/new-diagrams.net-diagram/","","Governance",0,false
"Azure Raci toolkit","https://github.com/jkstant/AzureRACIToolkit","","Governance",0,false
"Azure Naming Tool","https://github.com/microsoft/CloudAdoptionFramework/tree/master/ready/AzNamingTool","","Governance",0,false
"Azure Periodic Table of Resource Naming Convention","https://www.azureperiodictable.com/","","Governance",0,false
"Remove Unauthorized Role Assignments","https://github.com/basvanbennekommsft/Blog-Posts/tree/main/Use%20Azure%20Functions%20to%20remove%20Unauthorized%20Role%20Assignments","","Governance",0,false
"KQL - threat hunting hub","https://github.com/LearningKijo/KQL","","KQL",0,false
"Microsoft Kusto Detective Agency Contest","https://detective.kusto.io/","","KQL",0,false
"Azure Geographies and regions","https://azure.microsoft.com/en-us/global-infrastructure/geographies/","","BCDR",0,false
"Azure cross regions replication","https://docs.microsoft.com/en-us/azure/availability-zones/cross-region-replication-azure","","BCDR",0,false
"Azure regions and availability zones","https://docs.microsoft.com/en-us/learn/modules/azure-architecture-fundamentals/regions-availability-zones","","BCDR",0,false
"Azure Business Continuity Guide","https://github.com/Azure/BusinessContinuityGuide/releases","","BCDR",0,false
"Resilience in Azure","https://azure.microsoft.com/mediahandler/files/resourcefiles/resilience-in-azure-whitepaper/Resilience%20in%20Azure.pdf","","BCDR",0,false
"Reliability with Microsoft Azure Infographic","https://azure.microsoft.com/mediahandler/files/resourcefiles/infographic-reliability-with-microsoft-azure/InfographicRC2.pdf","","BCDR",0,false
"Azure Updates","https://azure.microsoft.com/en-us/updates/","","Infos",0,false
"Azure Info Hub","https://azureinfohub.azurewebsites.net/","","Infos",0,false
"AzureFeeds","https://azurefeeds.com/","","Infos",0,false
"Microsoft Blogs by products","https://techcommunity.microsoft.com/Blogs","","Infos",0,false
"Securing Azure Lighthouse with Azure Policy and PIM","https://securecloud.blog/2020/11/13/securing-azure-lighthouse-with-azure-policy-and-azure-privileged-identity-management-for-msps-and-customers/","","LightHouse",0,false
"Azure Mask","https://github.com/clarkio/azure-mask","","Tools",0,false
"Az Mask Chrome Extension","https://chromewebstore.google.com/detail/az-mask/amobeamdmdnloajcaiomgegpakjdiacm?hl=en-US","","Misc",0,false
"Raspberry Simulator for IOT Hub","https://docs.microsoft.com/en-us/azure/iot-hub/iot-hub-raspberry-pi-web-simulator-get-started","","IoT",0,false
"Nuage de mots","https://nuagedemots.co/","","Misc",0,false
"Code Error","https://login.microsoftonline.com/error","","Misc",0,false
"quickref cheatsheets and quick references","https://quickref.me/","","Misc",0,false
"https://cheatography.com/","https://cheatography.com/","","Misc",0,false
"Azure serverless community library","https://www.serverlesslibrary.net/","","Misc",0,false
"https://www.bullshitor.com/","https://www.bullshitor.com/","","Fun",0,false
"https://quozio.com/","https://quozio.com/","","Quotes",0,false
"Migration Execution Guide","https://github.com/Azure/migration","","Migration",0,false
"Network-segmentation-cheat-sheet","https://github.com/sergiomarotco/","","Network",0,false
"trippy.rs (Network Diag Tool)","https://trippy.rs/","","Network",0,false
"Terraform policies as code repo","https://github.com/globalbao/azure-policy-as-code/tree/main","","Policies",0,false
"Azure Policy Resource Lock","https://jeffbrown.tech/azure-policy-resource-lock/","","Policies",0,false
"Azure Preview portal","https://preview.portal.azure.com/","","Portals",0,false
"Azure RC portal","https://rc.portal.azure.com/","","Portals",0,false
"Microsoft portals","https://www.nuno-silva.net/microsoft-365-portals","","Portals",0,false
"Microsoft portals 2","https://www.moderndeployment.com/microsoft-azure-management-urls/","","Portals",0,false
"Azure portals 3","https://cmd.ms/","","Portals",0,false
"Microsoft Administrator Portals","https://msportals.io/","","Portals",0,false
"MyApps","https://myapps.microsoft.com/","","Portals",0,false
"Azure Cloud Shell Web","https://shell.azure.com/","","Portals",0,false
"Gain insights into your Azure role assignments on subscription level","https://codewithme.cloud/posts/2023/08/list-azure-role-assignments-with-powershell/","","Powershell",0,false
"Azure NVA Redundancy Part I","https://nwktimes.blogspot.com/2023/05/azure-nva-redundancy-part-I.html","","Routing and NVA",0,false
"Connect Azure with On-Prem Network Part 1","https://anktsrkr.github.io/post/connect-azure-with-your-on-prem-network-part-1/","","Routing and NVA",0,false
"Enabling Direct On-Prem Site Access to Azure Private VMSS Resources via Internal Load Balancer","https://medium.com/@andragabr/enabling-direct-onprem-site-access-to-azure-private-vmss-resources-via-internal-load-balancer-a-118f13f4ca18","","Routing and NVA",0,false
"Azure Charts","https://azurecharts.com/","","Services",5,true
"Azure Periodic table","https://azureperiodic.data3.com/","","Services",0,false
"Azure Services io","https://azureservices.io/","","Services",0,false
"Azure Deprecation DashBoard","https://github.com/azure-deprecation/dashboard/issues","","Services",0,false
"Azure Charts Deprecations","https://azurecharts.com/timeboards/deprecations","","Services",0,false
"Azure Charts Arrivals","https://azurecharts.com/timeboards/arrivals","","Services",0,false
"Azure Status","https://status.azure.com/","","Infos",0,false
"New Azure Status","https://azure.status.microsoft/en-us/status","","Infos",0,false
"Azure Infrastructure Map","https://infrastructuremap.microsoft.com/","","Services",5,true
"Azure Speed Test 2.0","http://azurespeedtest.azurewebsites.net/","","Latency",0,false
"SLA for Azure services","https://azure.microsoft.com/en-us/support/legal/sla/summary/","","Services",0,false
"SLA Calculator","https://uptime.is/","","Services",0,false
"Official Microsoft Azure Cloud and AI Symbol / Icon Set - SVG","https://www.microsoft.com/en-us/download/details.aspx?id=41937","","Stencils and icons",5,true
"sandroasp Icon Set","https://github.com/sandroasp/Microsoft-Integration-and-Azure-Stencils-Pack-for-Visio/tree/master/Azure","","Stencils and icons",5,true
"Azure Docs collection","http://code.benco.io/icon-collection/azure-docs/","","Stencils and icons",5,true
"Azure Icons collection","http://code.benco.io/icon-collection/azure-icons/","","Stencils and icons",5,true
"Azure Patterns collection","http://code.benco.io/icon-collection/azure-patterns/","","Stencils and icons",5,true
"Azure cds Collection","http://code.benco.io/icon-collection/azure-cds/","","Stencils and icons",5,true
"ContentCollateral","https://github.com/mrpaulandrew/ContentCollateral","","Stencils and icons",0,false
"Azure Icons Libraries for Diagrams.net (Draw.io)","https://pacodelacruz.io/azure-icons-library-diagrams-net","","Stencils and icons",0,false
"Azure architecture SVG icons","https://learn.microsoft.com/en-us/azure/architecture/icons/","","Stencils and icons",0,false
"Diagram as code","https://irom.info/blog/2023/09/04/diagrams-as-code","","Stencils and icons",0,false
"Azure Design Studio","https://github.com/chunliu/AzureDesignStudio","","Stencils and icons",0,false
"Azure glyphs and icons","https://azure.microsoft.com/en-us/patterns/styles/glyphs-icons/","","Stencils and icons",0,false
"Draw.io Azure infrastructure diagrams","https://techcommunity.microsoft.com/t5/microsoft-developer-community/draw-io-azure-infrastructure-diagrams-through-code-like-an/ba-p/4071316","","Stencils and icons",0,false
"Microsoft Emissions Impact Dashboard","https://azure.microsoft.com/es-es/blog/empowering-cloud-sustainability-with-the-microsoft-emissions-impact-dashboard/","","Sustainability",0,false
"Azure Support plans","https://azure.microsoft.com/en-us/support/plans/","","Support",0,false
"Azure community support","https://docs.microsoft.com/en-us/answers/products/azure?product=all","","Support",0,false
"Azure feedback","https://feedback.azure.com/d365community","","Support",0,false
"Tag support for Azure resources","https://learn.microsoft.com/en-us/azure/azure-resource-manager/management/tag-support","","Tags",0,false
"Taggable resources","https://github.com/tfitzmac/resource-capabilities/blob/main/tag-support.csv","","Tags",0,false
"Develop your naming and tagging strategy for Azure resources","https://learn.microsoft.com/en-us/azure/cloud-adoption-framework/ready/azure-best-practices/resource-naming","","Tags",0,false
"Naming and tagging conventions tracking template","https://learn.microsoft.com/en-us/azure/cloud-adoption-framework/resources/tools-templates#ready","","Tags",0,false
"How to tag your resources on AWS / GCP / Azure","https://lota.cloud/en/bien-taguer/","","Tags",0,false
"Azure terraform-azurerm-caf-enterprise-scale","https://github.com/Azure/terraform-azurerm-caf-enterprise-scale/wiki","","Terraform",0,false
"Azure caf-terraform-landingzones","https://github.com/azure/caf-terraform-landingzones","","Terraform",0,false
"Terraform from 0 to hero","https://techblog.flaviusdinu.com/terraform-from-0-to-hero-0-i-like-to-start-counting-from-0-maybe-i-enjoy-lists-too-much-72cd0b86ebcd","","Terraform",0,false
"azure-network-terraform","https://github.com/kaysalawu/azure-network-terraform","","Terraform",0,false
"Infracost","https://www.infracost.io/","","Terraform",0,false
"Johan Vanneuville Azure-Terraform","https://github.com/JohanVanneuville/Azure-Terraform","","Terraform",0,false
"Terraform and Azure DevOps pipelines","https://build5nines.com/deploy-terraform-using-azure-devops-yaml-pipelines/","","Terraform",0,false
"Terraform labs","https://github.com/letmetechyou/terraform","","Terraform",0,false
"How to run PowerShell scripts on Azure VMs with Terraform","https://techcommunity.microsoft.com/t5/itops-talk-blog/how-to-run-powershell-scripts-on-azure-vms-with-terraform/ba-p/3827573","","Terraform",0,false
"Deploying terraform-azure-vnet-hub-spoke","https://www.jorgebernhardt.com/terraform-azure-vnet-hub-spoke/","","Terraform",0,false
"Deploying azurefirewall-hub-spoke-demo","https://github.com/mddazure/azurefirewall-hub-spoke-demo","","Terraform",0,false
"Firewall As Code","https://gitlab.com/VincentMisson/firewall-as-code","","Network",5,true
"Azure VM sizes","https://docs.microsoft.com/en-us/azure/virtual-machines/sizes-general","","VMs",0,false
"Start / Stop VMs 2","https://github.com/tomasrudh/AutoShutdownSchedule#automation-account-configuration","","VMs",0,false
"Virtual machines selector","https://azure.microsoft.com/en-us/pricing/vm-selector/","","VMs",0,false
"Automanage Machine Configuration","https://github.com/HolgerWache/MachineConfiguration","","VMs",0,false
"vmssdashboard","https://github.com/gbowerman/vmssdashboard","","Virtual Machines Scale Set",0,false
"asciivmssdashboard","https://github.com/msleal/asciivmssdashboard","","Virtual Machines Scale Set",0,false
"jsoncrack","https://jsoncrack.com/","","Web",0,false
"CSS Tree exemple","https://onaircode.com/html-css-tree-view-examples/","","Web",0,false
"Theorie en 10mn - Interconnexion de Microsoft Azure avec le monde exterieur","https://www.youtube.com/watch?v=xNRI2hScrcw","","Youtube",0,false
"Emoji Cheat Sheet","https://www.webfx.com/tools/emoji-cheat-sheet","","Stencils and icons",0,false
"Microsoft 365 roadmap","https://www.microsoft.com/fr-fr/microsoft-365/roadmap","","M365",0,false
"ClassyMail Public","https://github.com/olivMertens/ClassyMail","About
AI-powered email classification pipeline with Mistral OCR, multi-model classification, RAG chatbot Built on Azure with Microsoft Agent Framework.","AI",0,false
"Google page speed","https://pagespeed.web.dev/","","SEO",0,false
"https://www.opengraph.xyz","https://www.opengraph.xyz/","","SEO",0,false
"https://developers.facebook.com/tools/debug/","https://developers.facebook.com/tools/debug/","","SEO",0,false
"https://kubelearn.yoparchi.fr/","https://kubelearn.yoparchi.fr/","","AKS - Kube",0,false
"ODIN","https://azure.github.io/odinforazurelocal/","","Azure Local",5,true
"https://az-scout.com/","https://az-scout.com/","","Cloud Services",5,true
"https://msdocstracker.com/","https://msdocstracker.com/","","Doc tracker",0,false
"https://awesome-copilot.github.com/","https://awesome-copilot.github.com/","","AI Skills",5,true
"https://www.opensiem-deployer.com/siem-sizing","https://www.opensiem-deployer.com/siem-sizing","","SIEM",5,true
"https://github.com/matthansen0/azure-enterprise-edge-lab","https://github.com/matthansen0/azure-enterprise-edge-lab","","New",0,false
"https://www.ptucalc.com/","https://www.ptucalc.com/","","AI",0,false
"Microsoft Certification Poster 2","https://learn.microsoft.com/en-us/credentials/","","Certifications",0,false
"NetBox IPAM","https://github.com/netbox-community/netbox","","IPAM",0,false
"Azure services limits","https://learn.microsoft.com/en-us/azure/azure-resource-manager/management/azure-subscription-service-limits","","Architecture",0,false
"Doom Web","https://www.emaxilde.net/assets/games/doom/doom.html","","Fun",0,false
"Official draw.io MCP Server","https://github.com/jgraph/drawio-mcp","","MCP Servers",0,false
"drawio-docker-mcp-server","https://www.linkedin.com/pulse/make-your-life-azure-solution-architect-easier-drawio-pardali-lptef/","","MCP Servers",0,false
"MS Learn Official MCP","https://learn.microsoft.com/api/mcp","","MCP Servers",0,false
"Just ETF","https://www.justetf.com/","","Trading",0,false
"coinmarketcap","https://coinmarketcap.com/","","Trading",0,false
"https://www.viewstats.com/","https://www.viewstats.com/","Youtube Analytics","SEO",5,true
"Pixverse","https://app.pixverse.ai/","","AI Video",5,true
"https://www.genmo.ai/","https://www.genmo.ai/","","AI Video",5,true
"https://openart.ai/","https://openart.ai/","","AI Video",0,false
"https://leonardo.ai/","https://leonardo.ai/","","AI Video",0,false
"https://ytlarge.com/","https://ytlarge.com/","","SEO",0,false
"https://socialblade.com/","https://socialblade.com/","","SEO",0,false
"https://huggingface.co/","https://huggingface.co/","","AI",5,true
"https://app.lumalabs.ai/","https://app.lumalabs.ai/","","AI Video",5,true
"https://github.com/elder-plinius","https://github.com/elder-plinius","","AI",5,true
"https://app.napkin.ai/","https://app.napkin.ai/","","Visuals",0,false
"https://clarity.microsoft.com/","https://clarity.microsoft.com/","","SEO",0,false
"https://workout.cool/","https://workout.cool/","","Fitness",0,false
"https://jitter.video/","https://jitter.video/","","Visuals",5,true
"https://neuralwriter.com/","https://neuralwriter.com/","","AI",0,false
"https://www.mindvideo.ai/","https://www.mindvideo.ai/","","AI Video",5,true
"https://slowroads.io/","https://slowroads.io/","","Fun",5,true
"https://app.steve.ai/","https://app.steve.ai/","","AI Video",5,true
"https://gamma.app/prompts","https://gamma.app/prompts","","AI",5,true
"https://murf.ai/","https://murf.ai/","","AI Voice",0,false
"Git Hub spec-kit","https://github.com/github/spec-kit","","AI",0,false
"https://adstuart.github.io/cloud-networking-compared/","https://adstuart.github.io/cloud-networking-compared/","","Cloud Services",5,true
"https://getstencil.com","https://getstencil.com/","","Quotes",0,false
"https://www.cyberpunkachien.fr/","https://www.cyberpunkachien.fr/","","New",0,false
"https://tabby.tabbyml.com/docs/welcome/","https://tabby.tabbyml.com/docs/welcome/","Tabby is an open-source, self-hosted AI coding assistant.","AI",0,false
"https://github.com/merill/microsoft-info/","https://github.com/merill/microsoft-info/","","Entra Id",5,true
"https://github.com/securesloth/noCAP","https://github.com/securesloth/noCAP","","Security",0,false
"https://github.com/hatoo/oha","https://github.com/hatoo/oha","","New",0,false
"https://aidanfinn.com/","https://aidanfinn.com/","","New",0,false
"https://microsoft.github.io/Cybersecurity-jobs-skills-workshop/","https://microsoft.github.io/Cybersecurity-jobs-skills-workshop/","","Security",5,true
"https://networkpulse.fr/","https://networkpulse.fr/","","Network",0,false
"https://www.surveillancewatch.io/","https://www.surveillancewatch.io/","","Security",5,true
"https://www.worldmonitor.app/","https://www.worldmonitor.app/","","Security",5,true
"https://github.com/hacksider/Deep-Live-Cam","https://github.com/hacksider/Deep-Live-Cam","","AI Video",5,true
"https://zerotrust.microsoft.com/","https://zerotrust.microsoft.com/","","Security",5,true
"Iconer.app","https://Iconer.app","","Stencils and icons",0,false
"https://privacynex.org/","https://privacynex.org/","","Security",5,true
"https://excalidraw.com/","https://excalidraw.com/","","Stencils and icons",0,false
"https://iamtrail.com/","https://iamtrail.com/","","New",0,false
"https://www.azurekt.com/","https://www.azurekt.com/","","Certifications",5,true
"https://cristianedwards.github.io/AzLoFlows/","https://cristianedwards.github.io/AzLoFlows/","","Stencils and icons",5,true
"https://signalcockpit.com/","https://signalcockpit.com/","","Security",5,true
"https://it-tools.tech/","https://it-tools.tech/","","Tools",5,true
"https://offensive-intelligence.com/","https://offensive-intelligence.com/","","Security",0,false
"https://bamqam.com/","https://bamqam.com/","","Security",0,false
"https://www.iranmonitor.org/","https://www.iranmonitor.org/","","Security",0,false
"https://azurehacking.com/","https://azurehacking.com/","","Security",0,false
"https://techcommunity.microsoft.com/blog/azureinfrastructureblog/building-azure-right-a-practical-checklist-for-infrastructure-landing-zones/4409975","https://techcommunity.microsoft.com/blog/azureinfrastructureblog/building-azure-right-a-practical-checklist-for-infrastructure-landing-zones/4409975","","Architecture",5,true
"https://microsoft.github.io/mcs-labs/","https://microsoft.github.io/mcs-labs/","","Copilot",5,true
"https://guigui42.github.io/copilot-panorama/","https://guigui42.github.io/copilot-panorama/","","GitHub Copilot",5,true
"https://www.tinytooltown.com/","https://www.tinytooltown.com/","","Tools",5,true
"https://microsoft.github.io/vscode-website-videos/","https://microsoft.github.io/vscode-website-videos/","","VSCode",0,false
"https://azurecheatsheet.com/","https://azurecheatsheet.com/","","Tools",5,true
"https://promptintel.novahunting.ai/","https://promptintel.novahunting.ai/","","New",0,false
"https://gh.reichert.be/CIDRsplitter/","https://gh.reichert.be/CIDRsplitter/","","Network",5,true
"Lepipotron.com","http://www.lepipotron.com/","","Fun",0,false
"https://mrcwall.com/","https://mrcwall.com/","","Infos",0,true
"https://copilot-bulletins.github.io/","https://copilot-bulletins.github.io/","","GitHub Copilot",0,false
"https://msicons.com","https://msicons.com/","","New",0,false
"https://msdocstracker.com","https://msdocstracker.com/","","New",0,false
"https://msmessagecenter.com","https://msmessagecenter.com/","","New",0,false
"techurls.com","https://techurls.com/","","New",0,false
"https://www.skills.sh/","https://www.skills.sh/","","AI",5,true
"https://msadminroles.com/","https://msadminroles.com/","","RBAC",5,true
"github-copilot-sdk-remotion-studio","https://github.com/johnlokerse/github-copilot-sdk-remotion-studio","","AI Video",5,true
"https://impeccable.style/","https://impeccable.style/","","AI",5,false
"https://www.abondance.com/","https://www.abondance.com/","","SEO",0,false
"https://www.opus.pro/","https://www.opus.pro/","","AI Video",5,true
"https://undraw.co/","https://undraw.co/","","Stencils and icons",0,false
"https://www.geo-fs.com/","https://www.geo-fs.com/","","Fun",5,true
"https://www.mindluster.com/","https://www.mindluster.com/","","Certifications",0,false
"https://radio.garden/","https://radio.garden/","","Misc",0,false
"https://shortfy.io/","https://shortfy.io/","","AI Video",0,false
"https://www.razycut.io/","https://www.razycut.io/","","AI Video",0,false
"https://makerworld.com","https://makerworld.com","","3D Print",0,false
"https://www.aitmpl.com/","https://www.aitmpl.com/","","AI Skills",5,true
"https://skillsmp.com/","https://skillsmp.com/","","AI Skills",5,true
"https://www.skills.sh/","https://www.skills.sh/","","AI Skills",5,true
"https://mcpmarket.com/","https://mcpmarket.com/","","AI Skills",5,true
"https://neal.fun/","https://neal.fun/","https://neal.fun/","Fun",5,true
"https://github.com/Webba-Creative-Technologies/vice","https://github.com/Webba-Creative-Technologies/vice","","Security",5,true
"https://cortia.io/","https://cortia.io/","","AI Video",5,true
"https://higgsfield.ai/","https://higgsfield.ai/","","AI Video",5,true
"https://github.com/cloudchristoph/az-firewall-watch","https://github.com/cloudchristoph/az-firewall-watch","","Security",0,false
"https://github.com/simplifaisoul/osiris","https://github.com/simplifaisoul/osiris","","OSINT",0,false
"https://thiings.co/","https://thiings.co/","","Stencils and icons",0,false
"https://seostudio.tools/","https://seostudio.tools/","","SEO",0,false
"https://frenchbreaches.com/","https://frenchbreaches.com/","","Leak",0,false
"https://bonjourlafuite.eu.org/","https://bonjourlafuite.eu.org/","","Leak",0,false
"https://daily.entra.news/","https://daily.entra.news/","","Entra Id",0,false
"https://soloscope.fr/","https://soloscope.fr/","","Jobs",0,false
"https://blogit.michelin.io/","https://blogit.michelin.io/","","New",0,false
"https://blogit.michelin.io/azure-private-endpoints-implementation-at-scale-dns-deep-dive/","https://blogit.michelin.io/azure-private-endpoints-implementation-at-scale-dns-deep-dive/","","Network",0,false
"https://www.githubstatus.com/","https://www.githubstatus.com/","","New",0,false
"https://azdocswatch.vupti.me/","https://azdocswatch.vupti.me/","","New",0,false